position,aa,ptm_Disulfide_bond,ptm_Glycosylation,ptm_Phosphorylation,disease_Acute_Lymphoblastic_Leukemia,disease_Adenomas_and_Adenocarcinomas,disease_Cystic_Mucinous_and_Serous_Neoplasms,disease_DEE19,disease_Ductal_and_Lobular_Neoplasms,disease_ECA4,disease_EIG13,disease_EJM,disease_EJM5,disease_Epilepsy,disease_Epilepsy_idiopathic_generalized_susceptibility_to_13,disease_Epithelial_Neoplasms_NOS,disease_GABRA1_related_disorder,disease_Germ_Cell_Neoplasms,disease_Gliomas,disease_Idiopathic_generalized_epilepsy,disease_Inborn_genetic_diseases,disease_Intellectual_disability,disease_Lymphoid_Leukemias,disease_Mature_B_Cell_Lymphomas,disease_Neuroepitheliomatous_Neoplasms,disease_Nevi_and_Melanomas,disease_Not_Reported,disease_Osseous_and_Chondromatous_Neoplasms,disease_Plasma_Cell_Tumors,disease_Soft_Tissue_Tumors_and_Sarcomas_NOS,disease_Squamous_Cell_Neoplasms,disease_Transitional_Cell_Papillomas_and_Carcinomas,site,site_active,site_binding,site_metal,mutagenesis,n_variants,n_pathogenic,gnomad_max_af,am_avg_score,am_max_score,am_n_subs,residue_burden,constraint_pocket_q,constraint_pocket_class,ptm_variant_tier,nearest_variant_to_ptm,ptm_variant_distance_A,nearby_variant_count_8A,nearby_pathogenic_count_8A,nearby_ligands,pdb_residue_A,hotspot_tier_A,contact_hub_tier_A,pdb_residue_D,hotspot_tier_D,contact_hub_tier_D
1,M,0,0,0,0,0,0,0,0,0,0,0,0,0,0,0,0,0,0,0,0,0,0,0,0,0,1,0,0,0,0,0,0,0,0,0,0,1,0,,0.1844,0.4544,19,0,,,,,,,,,-34,0,0,-34,0,0
2,R,0,0,0,0,0,0,0,0,1,0,0,0,0,1,0,0,0,0,1,0,0,0,0,0,0,0,0,0,0,0,0,0,0,0,0,0,2,1,6.840e-7,0.1574,0.2531,19,0,,,,,,,,,,0,0,,0,0
3,K,0,0,0,0,1,0,0,0,0,0,0,0,0,0,0,0,0,0,0,0,0,0,0,0,0,0,0,0,0,0,0,0,0,0,0,0,4,0,6.841e-6,0.1428,0.2707,19,0,,,,,,,,,,0,0,,0,0
4,S,0,0,0,0,0,0,0,0,0,0,0,0,0,0,0,0,0,0,0,0,0,0,0,0,0,0,0,0,0,0,0,0,0,0,0,0,2,0,2.052e-6,0.0889,0.1355,19,0,,,,,,,,,,0,0,,0,0
5,P,0,0,0,0,0,0,0,0,0,0,0,0,0,0,0,0,0,0,0,0,0,0,0,0,0,0,0,0,0,0,0,0,0,0,0,0,1,0,,0.0870,0.1405,19,0,,,,,,,,,,0,0,,0,0
6,G,0,0,0,0,1,0,0,0,0,0,0,0,0,0,0,0,0,0,0,0,0,0,0,0,0,0,0,0,0,1,0,0,0,0,0,0,3,0,,0.0977,0.1665,19,0,,,,,,,,,,0,0,,0,0
7,L,0,0,0,0,0,0,0,0,0,0,0,0,0,0,0,0,0,0,0,0,0,0,0,0,0,0,0,0,0,0,0,0,0,0,0,0,3,0,6.840e-7,0.0887,0.1746,19,0,,,,,,,,,,0,0,,0,0
8,S,0,0,0,0,0,0,0,0,0,0,0,0,0,0,0,0,1,0,0,0,0,0,0,0,0,0,0,0,0,0,0,0,0,0,0,0,3,0,6.840e-7,0.0933,0.1444,19,0,,,,,,,,,,0,0,,0,0
9,D,0,0,0,0,0,0,0,0,0,0,0,0,0,0,0,0,0,0,0,0,0,0,0,0,0,0,0,0,0,0,0,0,0,0,0,0,1,0,1.101e-4,0.1185,0.2645,19,0,,,,,,,,,,0,0,,0,0
10,C,0,0,0,0,0,0,0,0,0,0,0,0,0,0,0,0,0,0,0,0,0,0,0,0,0,0,0,0,0,0,0,0,0,0,0,0,2,0,2.736e-6,0.1120,0.2143,19,0,,,,,,,,,,0,0,,0,0
11,L,0,0,0,0,1,0,0,0,0,0,0,0,0,0,0,0,0,0,0,0,0,0,0,0,0,0,0,0,0,0,0,0,0,0,0,0,2,0,1.368e-5,0.1205,0.3205,19,0,,,,,,,,,,0,0,,0,0
12,W,0,0,0,0,0,0,0,0,0,0,0,0,0,0,0,0,0,0,0,0,0,0,0,0,0,0,0,0,0,0,0,0,0,0,0,0,2,0,,0.2049,0.4103,19,0,,,,,,,,,,0,0,,0,0
13,A,0,0,0,0,0,0,0,0,0,0,0,0,0,0,0,0,0,0,0,0,0,0,0,0,0,0,0,0,0,0,0,0,0,0,0,0,3,0,,0.1369,0.2127,19,0,,,,,,,,,,0,0,,0,0
14,W,0,0,0,0,0,0,1,0,0,0,0,0,0,0,0,0,0,0,0,0,0,0,0,0,0,0,0,0,0,0,0,0,0,0,0,0,3,1,,0.2252,0.4581,19,0,,,,,,,,,,0,0,,0,0
15,I,0,0,0,0,0,0,0,0,0,0,0,0,0,0,0,0,0,0,0,0,0,0,0,0,0,0,0,0,0,0,0,0,0,0,0,0,1,0,,0.1541,0.3404,19,0,,,,,,,,,,0,0,,0,0
16,L,0,0,0,0,0,0,0,0,0,0,0,0,0,0,0,0,0,0,0,0,0,0,0,0,0,0,0,0,0,0,0,0,0,0,0,0,2,0,,0.1495,0.4119,19,0,,,,,,,,,,0,0,,0,0
17,L,0,0,0,0,0,0,0,0,0,0,0,0,0,0,0,0,0,0,0,0,0,0,0,0,0,0,0,0,0,0,0,0,0,0,0,0,0,0,,0.1726,0.4753,19,0,,,,,,,,,,0,0,,0,0
18,L,0,0,0,0,0,0,0,0,0,0,0,0,0,0,0,0,0,0,0,0,0,0,0,0,0,0,0,0,0,0,0,0,0,0,0,0,2,0,3.979e-6,0.1296,0.3275,19,0,,,,,,,,,,0,0,,0,0
19,S,0,0,0,0,0,0,0,0,0,0,0,0,0,0,0,0,0,0,0,0,0,0,0,0,1,0,0,0,0,0,0,0,0,0,0,0,1,0,,0.1124,0.2127,19,0,,,,,,,,,,0,0,,0,0
20,T,0,0,0,0,0,0,0,0,0,0,0,0,0,0,0,0,0,0,0,0,0,0,0,0,0,0,0,0,0,0,0,0,0,0,0,0,2,0,8.211e-6,0.0975,0.1635,19,0,,,,,,,,,,0,0,,0,0
21,L,0,0,0,0,0,0,0,0,0,0,0,0,0,0,0,0,0,0,0,0,0,0,0,0,0,0,0,0,0,0,0,0,0,0,0,0,0,0,,0.0954,0.2034,19,0,,,,,,,,,,0,0,,0,0
22,T,0,0,0,0,0,0,0,0,0,0,0,0,0,0,0,0,0,0,0,0,0,0,0,0,0,0,0,0,0,0,0,0,0,0,0,0,1,0,6.840e-7,0.0992,0.1533,19,0,,,,,,,,,,0,0,,0,0
23,G,0,0,0,0,0,0,0,0,0,0,0,0,0,0,0,0,0,0,0,0,0,0,0,0,0,0,0,0,0,0,0,0,0,0,0,0,4,0,,0.1342,0.2185,19,0,,,,,,,,,,0,0,,0,0
24,R,0,0,0,0,1,0,0,0,0,0,0,0,0,0,0,0,0,0,0,0,0,0,0,0,0,0,0,0,0,1,0,0,0,0,0,0,4,0,,0.1115,0.1565,19,1,,,,,,,,,,0,0,,0,0
25,S,0,0,0,0,0,0,0,0,0,0,0,0,0,0,0,0,0,0,0,0,0,0,0,0,0,0,0,0,0,0,0,0,0,0,0,0,3,0,1.369e-6,0.1105,0.1850,19,0,,,,,,,,,,0,0,,0,0
26,Y,0,0,0,0,0,0,0,0,0,0,0,0,0,0,0,0,0,0,0,0,0,0,0,0,0,0,0,0,0,0,0,0,0,0,0,0,1,0,3.554e-6,0.0900,0.1917,19,0,,,,,,,,,,0,0,,0,0
27,G,0,0,0,0,0,0,0,0,0,0,0,0,0,0,0,0,0,0,0,0,0,0,0,0,0,0,0,0,0,0,0,0,0,0,0,0,2,0,,0.1191,0.2000,19,0,,,,,,,,,,0,0,,0,0
28,Q,0,0,0,0,0,0,0,0,0,0,0,0,0,1,0,0,0,0,0,0,0,0,0,0,0,0,0,0,0,0,0,0,0,0,0,0,2,1,,0.1278,0.2708,19,0,,,,,,,,,1,0,0,1,0,0
29,P,0,0,0,0,0,0,0,0,0,0,0,0,0,0,0,0,0,0,0,0,0,0,0,0,0,0,0,0,0,0,0,0,0,0,0,0,5,0,6.206e-5,0.1043,0.2127,19,0,,,,,,,,,2,0,0,2,0,0
30,S,0,0,0,0,0,0,0,0,0,0,0,0,0,0,0,0,0,0,0,0,0,0,0,0,0,0,0,0,0,0,0,0,0,0,0,0,0,0,,0.1195,0.2286,19,0,,,,,,,,,3,0,0,3,0,0
31,L,0,0,0,0,0,0,0,0,0,0,0,0,0,0,0,0,0,0,0,0,0,0,0,0,0,0,0,0,0,0,0,0,0,0,0,0,2,0,6.209e-6,0.0945,0.2190,19,0,,,,,,,,,4,0,0,4,0,0
32,Q,0,0,0,0,0,0,0,0,1,0,0,0,0,1,0,0,0,0,1,0,0,0,0,0,0,0,0,0,0,0,0,0,0,0,0,0,2,2,6.900e-6,0.1612,0.4489,19,0,,,,,,,,,5,0,0,5,0,0
33,D,0,0,0,0,0,0,0,0,0,0,0,0,0,0,0,0,0,0,0,0,0,0,0,0,0,0,0,0,0,1,0,0,0,0,0,0,2,0,,0.2203,0.5950,19,0,,,,,,,,,6,0,0,6,0,0
34,E,0,0,0,0,0,0,0,0,0,0,0,0,0,0,0,0,0,0,0,0,0,0,0,0,0,0,0,0,0,0,0,0,0,0,0,0,1,0,,0.2608,0.7181,19,0,,,,,,,,,7,0,0,7,0,0
35,L,0,0,0,0,0,0,0,0,0,0,0,0,0,0,0,0,0,0,0,0,0,0,0,0,0,0,0,0,0,0,0,0,0,0,0,0,2,0,3.437e-6,0.1309,0.3812,19,0,,,,,,,,,8,0,0,8,0,0
36,K,0,0,0,0,0,0,0,0,0,0,0,0,0,0,0,0,0,0,0,0,0,0,0,0,0,0,0,0,0,0,0,0,0,0,0,0,0,0,,0.3088,0.6720,19,0,,,,,,,,,9,0,0,9,0,0
37,D,0,0,0,0,0,0,0,0,0,0,0,0,0,0,0,0,0,0,0,0,0,0,0,0,0,0,0,0,0,0,0,0,0,0,0,0,1,0,6.860e-7,0.5296,0.9106,19,0,,,,,,,,,10,0,0,10,0,0
38,N,0,1,0,0,0,0,0,0,0,0,0,0,0,0,0,0,0,0,0,0,0,0,0,0,0,0,0,0,0,0,0,0,0,0,0,0,2,0,1.372e-6,0.5315,0.9323,19,0,,,,,,,,,11,0,0,11,0,0
39,T,0,0,0,0,0,0,0,0,0,0,0,0,0,0,0,0,0,0,0,0,0,0,0,0,0,0,0,0,0,0,0,0,0,0,0,0,0,0,,0.4658,0.8843,19,0,,,,,,,,,12,0,0,12,0,0
40,T,0,0,0,0,0,0,0,0,0,0,0,0,0,0,0,0,0,1,0,0,0,0,0,0,0,0,0,0,0,0,0,0,0,0,0,0,2,0,,0.5890,0.9484,19,0,,,,,,,,,13,0,0,13,0,0
41,V,0,0,0,0,0,0,0,1,0,0,0,0,0,0,0,0,0,0,0,0,0,0,0,0,0,0,0,0,0,0,0,0,0,0,0,0,1,0,,0.5096,0.9132,19,0,,,,,,,,,14,0,0,14,0,0
42,F,0,0,0,0,0,0,0,0,1,0,0,0,0,1,0,0,0,0,1,0,0,0,0,0,0,0,0,0,0,0,0,0,0,0,0,0,2,1,,0.9461,0.9992,19,0,0.1779,pocket,,,,,,,15,0,0,15,0,0
43,T,0,0,0,0,0,0,0,0,0,0,0,0,0,0,0,0,0,0,0,0,0,0,0,0,0,0,0,0,0,0,0,0,0,0,0,0,2,0,,0.9556,0.9961,19,0,0.1416,exposed,,,,,,,16,0,0,16,0,0
44,R,0,0,0,0,0,0,0,1,0,0,0,0,0,0,0,0,0,0,0,0,0,0,0,0,0,0,0,0,0,0,0,0,0,0,0,0,1,0,,0.5037,0.9842,19,0,,,,,,,,,17,0,0,17,0,0
45,I,0,0,0,0,0,0,0,0,0,0,0,0,0,1,0,0,0,0,0,0,0,0,0,0,0,0,0,0,0,0,0,0,0,0,0,0,1,1,,0.9191,0.9993,19,0,0.1155,exposed,,,,,,,18,0,0,18,0,0
46,L,0,0,0,0,0,0,0,0,0,0,0,0,0,0,0,0,0,0,0,0,0,0,0,0,0,0,0,0,0,0,0,0,0,0,0,0,1,0,,0.9831,0.9999,19,0,0.0321,pocket,,,,,,,19,0,0,19,0,0
47,D,0,0,0,0,0,0,0,0,0,0,0,0,0,0,0,0,0,0,0,0,0,0,0,0,0,1,0,0,0,0,0,0,0,0,0,0,2,0,,0.9727,0.9991,19,0,0.0280,exposed,,,,,,,20,0,0,20,0,0
48,R,0,0,0,0,0,0,0,0,0,0,0,0,0,0,0,0,0,0,0,0,0,0,0,0,0,0,0,0,0,0,0,0,0,0,0,0,1,0,,0.3136,0.9639,19,0,,,,,,,,,21,0,0,21,0,0
49,L,0,0,0,0,0,0,0,0,0,0,0,0,0,0,0,0,0,0,0,1,0,0,0,0,0,0,0,0,0,0,0,0,0,0,0,0,1,0,,0.9575,0.9997,19,0,0.0177,pocket,,,,,,,22,0,0,22,0,0
50,L,0,0,0,0,1,0,0,0,0,0,0,0,0,0,0,0,0,0,0,0,0,0,0,0,0,1,0,0,0,0,0,0,0,0,0,0,2,0,,0.9594,0.9994,19,0,0.0177,exposed,,,,,,,23,0,0,23,0,0
51,D,0,0,0,0,1,0,0,0,0,0,0,0,0,0,0,0,0,0,0,0,0,0,0,0,0,0,0,0,0,0,0,0,0,0,0,0,2,0,6.870e-7,0.7314,0.9886,19,0,0.0177,exposed,,,,,,,24,0,0,24,0,0
52,G,0,0,0,0,0,0,0,0,0,0,0,0,0,0,0,0,0,0,0,0,0,0,0,0,0,0,0,0,0,0,0,0,0,0,0,0,0,0,,0.9496,0.9987,19,0,0.0177,exposed,,,,,,,25,0,0,25,0,0
53,Y,0,0,0,0,0,0,0,0,0,0,0,0,0,0,0,0,0,0,0,0,0,0,0,0,0,0,0,0,0,0,0,0,0,0,0,0,0,0,,0.9915,0.9996,19,0,0.0177,pocket,,,,,,,26,0,0,26,0,0
54,D,0,0,0,0,0,0,0,0,0,0,0,0,0,0,0,0,0,0,0,0,0,0,0,0,0,0,0,0,0,0,0,0,0,0,0,0,0,0,,0.9981,1.0000,19,0,0.0177,exposed,,,,,,,27,0,0,27,0,0
55,N,0,0,0,0,0,0,0,0,0,0,0,0,0,0,0,0,0,0,0,0,0,0,0,0,0,0,0,0,0,0,0,0,0,0,0,0,0,0,,0.7112,0.9477,19,0,,,,,,,,,28,0,0,28,0,0
56,R,0,0,0,0,0,0,0,0,0,0,0,0,0,0,0,0,0,0,0,0,0,0,0,0,0,0,0,0,0,1,0,0,0,0,0,0,3,0,,0.9892,0.9994,19,0,0.1475,pocket,,,,,,,29,0,0,29,0,0
57,L,0,0,0,0,0,0,0,0,0,0,0,0,0,0,0,0,0,0,0,0,0,0,0,0,0,0,0,0,0,0,0,0,0,0,0,0,0,0,,0.9667,0.9997,19,0,0.0739,pocket,,,,,,,30,0,0,30,0,0
58,R,0,0,0,0,0,0,0,0,0,0,0,0,0,0,0,0,0,0,0,0,0,0,0,0,0,0,0,0,0,0,0,0,0,0,0,0,0,0,,0.9955,0.9997,19,0,0.1262,pocket,,,,,,,31,0,0,31,0,0
59,P,0,0,0,0,0,0,0,0,0,0,0,0,0,0,0,0,0,0,0,0,0,0,0,0,0,0,0,0,0,0,0,0,0,0,0,0,2,0,7.070e-7,0.9990,0.9999,19,0,0.2440,exposed,,,,,,,32,0,0,32,0,0
60,G,0,0,0,0,0,0,0,0,0,0,0,0,0,0,0,0,0,0,0,0,0,0,0,0,0,0,0,0,0,0,0,0,0,0,0,0,1,0,,0.9518,0.9984,19,0,0.2546,exposed,,,,,,,33,0,0,33,0,0
61,L,0,0,0,0,0,0,0,0,0,0,0,0,0,0,0,0,0,0,0,0,0,0,0,0,0,0,0,0,0,0,0,0,0,0,0,0,0,0,,0.8821,0.9930,19,0,0.0739,pocket,,,,,,,34,0,0,34,0,0
62,G,0,0,0,0,1,0,0,0,0,0,0,0,0,0,0,0,0,0,0,0,0,0,0,0,0,1,0,0,0,0,0,0,0,0,0,0,2,0,,0.9731,0.9950,19,0,0.0974,exposed,,,,,,,35,0,0,35,0,0
63,E,0,0,0,0,0,0,0,0,0,0,0,0,0,0,0,0,0,0,0,0,0,0,0,0,0,0,0,0,0,0,0,0,0,0,0,0,2,0,4.108e-6,0.6295,0.9603,19,0,0.3575,exposed,,,,,,,36,0,0,36,0,0
64,R,0,0,0,0,0,0,0,0,0,0,0,0,0,0,0,0,0,0,0,0,0,0,0,0,0,0,0,0,0,0,0,0,0,0,0,0,3,0,5.477e-6,0.2868,0.7541,19,0,,,,,,,,,37,0,0,37,0,0
65,V,0,0,0,0,0,0,0,0,0,0,0,0,0,0,0,0,0,0,0,0,0,0,0,0,0,0,0,0,0,0,0,0,0,0,0,0,2,0,,0.5327,0.9439,19,0,,,,,,,,,38,0,0,38,0,0
66,T,0,0,0,0,0,0,0,0,0,0,0,0,0,0,0,0,0,0,0,0,0,0,0,0,0,0,0,0,0,0,0,0,0,0,0,0,1,0,,0.9519,0.9988,19,0,1.0000,pocket,,,,,,,39,0,0,39,0,0
67,E,0,0,0,0,1,1,0,0,0,0,0,0,0,0,0,0,0,0,0,1,0,0,0,0,0,0,0,0,0,0,0,0,0,0,0,0,4,1,1.195e-5,0.3621,0.8837,19,1,,,,,,,,,40,0,0,40,0,0
68,V,0,0,0,0,0,0,0,0,0,0,0,0,0,0,0,0,0,0,0,0,0,0,0,0,0,0,0,0,0,0,0,0,0,0,0,0,0,0,,0.9535,0.9999,19,0,1.0000,pocket,,,,,,,41,0,0,41,0,0
69,K,0,0,0,0,0,0,0,0,0,0,0,0,0,0,0,0,0,0,0,0,0,0,0,0,0,0,0,0,0,0,0,0,0,0,0,0,1,0,6.850e-7,0.5434,0.9902,19,0,,,,,,,,,42,0,0,42,0,0
70,T,0,0,0,0,0,0,0,0,0,0,0,0,0,0,0,0,0,0,0,0,0,0,0,0,0,0,0,0,0,0,0,0,0,0,0,0,0,0,,0.9419,0.9993,19,0,1.0000,pocket,,,,,,,43,0,0,43,0,0
71,D,0,0,0,0,0,0,0,0,0,0,0,0,0,0,0,0,0,0,0,0,0,0,0,0,0,0,0,0,0,0,0,0,0,0,0,0,1,0,,0.9202,0.9994,19,0,1.0000,pocket,,,,,,,44,0,0,44,0,0
72,I,0,0,0,0,1,0,0,0,0,0,0,0,0,0,0,0,0,0,0,0,0,0,0,0,0,0,0,0,0,0,0,0,0,0,0,0,4,0,,0.8834,0.9998,19,0,,,,,,,,,45,0,0,45,0,0
73,F,0,0,0,0,0,0,0,0,0,0,0,0,0,0,0,0,0,0,0,0,0,0,0,0,0,0,0,0,0,0,0,0,0,0,0,0,1,0,,0.8930,0.9999,19,0,0.8649,pocket,,,,,,,46,0,0,46,0,0
74,V,0,0,0,0,0,0,0,0,0,0,0,0,0,0,0,0,0,0,0,0,0,0,0,0,0,0,0,0,0,0,0,0,0,0,0,0,1,0,,0.9499,0.9998,19,0,0.7524,pocket,,,,,,,47,0,0,47,0,0
75,T,0,0,0,0,0,0,0,0,0,0,0,0,0,0,0,0,0,0,0,0,0,0,0,0,0,0,0,0,0,0,0,0,0,0,0,0,0,0,,0.8938,0.9920,19,0,0.6005,exposed,,,,,,,48,0,0,48,0,0
76,S,0,0,0,0,0,0,0,0,0,0,0,0,0,0,0,0,0,0,0,0,0,0,0,0,0,0,0,0,0,1,0,0,0,0,0,0,3,0,6.850e-7,0.9660,0.9997,19,0,0.6005,pocket,,,,,,,49,0,0,49,0,0
77,F,0,0,0,0,1,0,0,0,0,0,0,0,0,0,0,0,0,0,0,0,0,0,0,0,0,0,0,0,0,0,0,0,0,0,0,0,2,0,,0.9219,0.9996,19,0,,,,,,,,,50,0,0,50,0,0
78,G,0,0,0,0,1,0,0,0,0,0,0,0,0,0,0,0,0,0,0,0,0,0,0,0,0,0,0,0,0,0,0,0,0,0,0,0,2,0,,0.9953,0.9998,19,0,0.4943,pocket,,,,,,,51,0,0,51,0,0
79,P,0,0,0,0,0,0,0,0,0,0,0,0,0,0,0,0,0,0,0,0,0,0,0,0,0,0,0,0,0,0,0,0,0,0,0,0,2,0,,0.9793,0.9987,19,0,0.4042,pocket,,,,,,,52,0,0,52,0,0
80,V,0,0,0,0,0,0,0,0,0,0,0,0,0,0,0,0,0,0,0,0,0,0,0,0,0,0,0,0,0,0,0,0,0,0,0,0,0,0,,0.9505,0.9997,19,0,0.3445,pocket,,,,,,,53,0,0,53,0,0
81,S,0,0,0,0,0,0,0,0,0,0,0,0,0,0,0,0,0,0,0,0,0,0,0,0,0,0,0,0,0,0,0,0,0,0,0,0,0,0,,0.8924,0.9978,19,0,0.3715,exposed,,,,,,,54,0,0,54,0,0
82,D,0,0,0,0,1,0,0,0,0,0,0,0,0,0,0,0,0,0,0,0,0,0,0,0,0,0,0,0,0,0,0,0,0,0,0,0,2,0,,0.9880,0.9997,19,0,0.3676,pocket,,,,,,,55,0,0,55,0,2
83,H,0,0,0,0,0,0,0,0,0,0,0,0,0,0,0,0,0,0,0,0,0,0,0,0,1,0,0,0,0,0,0,0,0,0,0,0,2,0,,0.4142,0.7215,19,0,,,,,,,,,56,0,2,56,0,0
84,D,0,0,0,0,0,0,0,0,0,0,0,0,0,0,0,0,0,0,0,0,0,0,0,0,0,0,0,0,0,0,0,0,0,0,0,0,4,0,,0.8254,0.9942,19,0,0.5551,exposed,,,,,,,57,0,0,57,0,0
85,M,0,0,0,0,0,0,0,0,0,0,0,0,0,0,0,0,0,0,0,0,0,0,0,0,0,0,0,0,0,0,0,0,0,0,0,0,2,0,,0.9414,0.9989,19,0,0.4396,exposed,,,,,,,58,0,0,58,0,0
86,E,0,0,0,0,0,0,0,0,0,0,0,0,0,0,0,0,0,0,0,0,0,0,0,0,0,0,0,0,0,0,0,0,0,0,0,0,2,0,,0.9534,0.9997,19,0,0.4480,exposed,,,,,,,59,0,2,59,0,2
87,Y,0,0,0,0,0,0,0,0,0,0,0,0,0,0,0,0,0,0,0,0,0,0,0,0,0,1,0,0,0,0,0,0,0,0,0,0,1,0,,0.9619,0.9999,19,0,0.4943,pocket,,,,,,,60,0,0,60,0,0
88,T,0,0,0,0,0,0,0,0,0,0,0,0,0,0,0,0,0,0,0,0,0,0,0,0,0,0,0,0,0,0,0,0,0,0,0,0,0,0,,0.8664,0.9859,19,0,,,,,,,,,61,0,1,61,0,0
89,I,0,0,0,0,0,0,0,0,0,0,0,0,0,0,0,0,0,0,0,0,0,0,0,0,0,0,0,0,0,0,0,0,0,0,0,0,1,0,,0.8453,0.9995,19,0,,,,,,,,,62,0,0,62,0,0
90,D,0,0,0,0,1,0,1,0,0,0,1,0,0,0,0,0,0,0,0,0,0,0,0,0,0,0,0,0,0,0,0,0,0,0,0,0,5,4,,0.9980,0.9999,19,1,0.4943,pocket,,,,,,,63,0,1,63,0,1
91,V,0,0,0,0,0,0,0,0,0,0,0,0,0,0,0,0,0,0,0,0,0,0,0,0,0,1,0,0,0,0,0,0,0,0,0,0,1,0,,0.8844,0.9994,19,0,,,,,,,,,64,0,0,64,0,0
92,F,0,0,0,0,0,0,0,0,1,0,0,0,0,1,0,0,0,0,1,0,0,0,0,0,0,0,0,0,0,0,0,0,0,0,0,0,1,1,,0.9867,1.0000,19,0,0.3715,pocket,,,,,,,65,0,0,65,0,0
93,F,0,0,0,0,0,0,0,0,0,0,0,0,0,0,0,0,0,0,0,0,0,0,0,0,1,0,0,0,0,0,0,0,0,0,0,0,1,0,,0.9940,1.0000,19,0,0.4480,pocket,,,,,,,66,0,0,66,0,0
94,R,0,0,0,0,1,0,0,0,0,0,0,0,0,0,0,0,0,0,0,1,0,1,0,0,1,1,0,0,0,1,1,1,0,1,0,0,4,2,3.988e-6,0.9840,0.9997,19,1,0.7221,pocket,,,,,,,67,0,0,67,0,0
95,Q,0,0,0,0,1,0,0,0,0,0,0,0,0,0,0,0,0,0,0,0,0,0,0,0,0,0,0,0,0,0,0,0,0,0,0,0,1,0,,0.9770,0.9998,19,0,0.9760,pocket,,,,,,,68,0,0,68,0,0
96,S,0,0,0,0,0,0,0,0,0,0,0,0,0,0,0,0,0,0,0,0,0,0,0,0,0,0,0,0,0,0,0,0,0,0,0,0,1,0,,0.4577,0.9981,19,0,,,,,,,,,69,0,0,69,0,0
97,W,0,0,0,0,0,0,0,0,0,0,0,0,0,0,0,0,0,0,0,0,0,0,0,0,0,0,1,0,0,0,0,0,0,0,0,0,2,0,,0.9974,1.0000,19,0,1.0000,exposed,,,,,,,70,0,0,70,0,0
98,K,0,0,0,0,0,0,0,0,0,0,0,0,0,0,0,0,0,0,0,0,0,0,0,0,0,0,0,0,0,0,0,0,0,0,0,0,0,0,,0.4508,0.9404,19,0,,,,,,,,,71,0,0,71,0,0
99,D,0,0,0,0,0,0,0,0,0,0,0,0,0,0,0,0,0,0,0,0,0,0,0,0,0,0,0,0,0,0,0,0,0,0,0,0,2,0,,0.9994,1.0000,19,0,0.8538,pocket,,,,,,,72,0,0,72,0,0
100,E,0,0,0,0,0,0,0,0,0,0,0,0,0,0,0,0,0,0,0,0,0,0,0,0,0,0,0,0,0,0,0,0,0,0,0,0,1,0,,0.5456,0.9678,19,0,,,,,,,,,73,0,0,73,0,0
101,R,0,0,0,0,1,0,0,0,0,0,0,0,0,0,0,0,0,0,0,0,0,0,0,0,0,1,0,0,0,0,0,0,0,0,0,0,4,0,6.840e-7,0.9964,0.9998,19,1,0.2440,exposed,,,,,,,74,0,0,74,0,0
102,L,0,0,0,0,0,0,0,0,0,0,0,0,0,0,0,0,0,0,0,0,0,0,0,0,0,0,0,0,0,0,0,0,0,0,0,0,1,0,,0.9903,0.9999,19,0,0.4327,pocket,,,,,,,75,0,0,75,0,0
103,K,0,0,0,0,1,0,0,0,0,0,0,0,0,0,0,0,0,0,0,0,0,0,0,0,0,0,0,0,0,0,0,0,0,0,0,0,2,0,,0.4872,0.9671,19,0,,,,,,,,,76,0,0,76,0,0
104,F,0,0,0,0,0,0,0,0,0,0,0,0,0,0,0,0,0,0,0,0,0,0,0,0,0,0,0,0,0,0,0,0,0,0,0,0,2,0,,0.9664,1.0000,19,0,0.7168,pocket,,,,,,,77,0,0,77,0,0
105,K,0,0,0,0,0,0,0,0,0,0,0,0,0,0,0,0,0,0,0,0,0,0,0,0,0,0,0,0,0,1,0,0,0,0,0,0,2,0,,0.3331,0.7326,19,0,,,,,,,,,78,0,0,78,0,0
106,G,0,0,0,0,1,0,0,0,0,0,0,0,0,0,0,0,0,0,0,0,0,0,0,0,0,0,0,0,0,0,0,0,0,0,0,0,3,0,,0.9755,0.9966,19,0,0.4042,exposed,,,,,,,79,0,0,79,0,0
107,P,0,0,0,0,0,0,0,0,0,0,0,0,0,0,0,0,0,0,0,0,0,0,0,0,0,0,0,0,0,0,0,0,0,0,0,0,2,0,,0.8455,0.9847,19,0,0.3218,exposed,,,,,,,80,0,0,80,0,0
108,M,0,0,0,0,1,0,0,0,0,0,0,0,0,0,0,0,0,0,0,0,0,0,0,0,0,0,0,0,0,1,0,0,0,0,0,0,4,0,6.840e-7,0.7929,0.9794,19,1,0.7746,pocket,,,,,,,81,0,0,81,0,0
109,T,0,0,0,0,0,0,0,0,0,0,0,0,0,0,0,0,0,0,0,0,0,0,0,0,0,0,0,0,0,0,0,0,0,0,0,0,1,0,,0.1661,0.4967,19,0,,,,,,,,,82,0,0,82,0,0
110,V,0,0,0,0,0,0,0,0,0,0,0,0,0,0,0,0,0,0,0,0,0,0,0,0,0,0,0,0,0,0,0,0,0,0,0,0,1,0,6.840e-7,0.5641,0.9444,19,0,,,,,,,,,83,0,0,83,0,0
111,L,0,0,0,0,0,0,0,0,0,0,0,0,0,0,0,0,0,0,0,0,0,0,0,0,1,0,0,0,0,0,0,0,0,0,0,0,2,0,,0.9707,0.9999,19,0,0.9287,pocket,,,,,,,84,0,0,84,0,0
112,R,0,0,0,0,0,0,1,0,1,0,0,0,1,1,0,0,0,0,1,1,0,0,0,0,0,0,0,0,0,0,0,0,0,0,0,0,3,2,,0.8070,0.9853,19,1,,,,,,,,,85,0,0,85,0,0
113,L,0,0,0,0,0,0,0,0,0,0,0,0,0,0,0,0,0,0,0,0,0,0,0,0,0,0,0,0,0,0,0,0,0,0,0,0,1,0,,0.9733,0.9999,19,0,0.4983,pocket,,,,,,,86,0,0,86,0,0
114,N,0,0,0,0,0,0,0,0,0,0,0,0,0,0,0,0,0,0,0,0,0,0,0,0,0,0,0,0,0,0,0,0,0,0,0,0,0,0,,0.9637,0.9991,19,0,0.3715,pocket,,,,,,,87,0,0,87,0,0
115,N,0,0,0,0,0,0,0,0,0,0,0,0,0,0,0,0,0,0,0,0,0,0,0,0,0,0,0,0,0,0,0,0,0,0,0,0,0,0,,0.9246,0.9974,19,0,0.3218,pocket,,,,,,,88,0,0,88,0,0
116,L,0,0,0,0,0,0,0,0,0,0,0,0,0,0,0,0,0,0,0,0,0,0,0,0,0,0,0,0,0,0,0,0,0,0,0,0,0,0,,0.8004,0.9954,19,0,,,,,,,,,89,0,0,89,0,0
117,M,0,0,0,0,0,0,0,0,0,0,0,0,0,0,0,0,0,0,0,0,0,0,0,0,0,0,0,0,0,0,0,0,0,0,0,0,1,0,6.840e-7,0.9380,0.9996,19,0,0.2440,exposed,,,,,,,90,0,0,90,0,0
118,A,0,0,0,0,0,0,0,0,0,0,0,0,0,0,0,0,0,0,0,0,0,0,0,0,0,0,0,0,0,0,0,0,0,0,0,0,0,0,,0.9312,0.9977,19,0,0.3293,pocket,,,,,,,91,0,0,91,0,0
119,S,0,0,0,0,0,0,0,0,0,0,0,0,0,0,0,0,0,0,0,0,0,0,0,0,0,0,0,0,0,0,0,0,0,0,0,0,0,0,,0.7393,0.9810,19,0,,,,,,,,,92,0,0,92,0,0
120,K,0,0,0,0,1,0,0,0,0,0,0,0,0,0,0,0,0,0,0,0,0,0,0,0,0,0,0,0,0,0,0,0,0,0,0,0,2,0,,0.8140,0.9946,19,0,0.1838,exposed,,,,,,,93,0,0,93,0,0
121,I,0,0,0,0,0,0,0,0,0,0,0,0,0,0,0,0,0,0,0,0,0,0,0,0,0,0,0,0,0,0,0,0,0,0,0,0,0,0,,0.9508,0.9999,19,0,0.1789,pocket,,,,,,,94,0,0,94,0,0
122,W,0,0,0,0,0,0,0,0,1,0,0,0,0,1,0,0,0,0,1,0,0,0,0,0,0,0,0,0,0,0,0,0,0,0,0,0,2,1,,0.9977,1.0000,19,0,0.3073,pocket,,,,,,,95,0,0,95,0,1
123,T,0,0,0,0,0,0,0,0,0,0,0,0,0,0,0,0,0,0,0,0,0,0,0,0,0,0,0,0,0,0,0,0,0,0,0,0,1,0,,0.8730,0.9961,19,0,,,,,,,,,96,0,0,96,0,0
124,P,0,0,0,0,1,0,0,0,0,0,0,0,0,1,0,0,0,0,0,0,0,0,0,0,0,1,0,0,0,0,0,0,0,0,0,0,2,1,,0.9993,1.0000,19,0,0.7221,pocket,,,,,,,97,0,0,97,0,1
125,D,0,0,0,0,0,0,0,0,0,0,0,0,0,0,0,0,0,0,0,0,0,0,1,0,0,0,0,0,0,0,0,0,0,0,0,0,2,0,,0.9990,1.0000,19,0,0.5651,pocket,,,,,,,98,0,0,98,0,0
126,T,0,0,0,0,0,0,0,0,0,0,0,0,0,0,0,0,0,0,0,0,0,0,0,0,0,0,0,0,0,0,0,0,0,0,0,0,0,0,,0.9841,0.9999,19,0,0.6757,pocket,,,,,,,99,0,0,99,0,0
127,F,0,0,0,0,0,0,0,0,0,0,0,0,0,0,0,0,0,0,0,0,0,0,0,0,0,0,0,0,0,0,0,0,0,0,0,0,1,0,,0.9727,0.9999,19,0,0.5791,pocket,,,,,,,100,0,0,100,0,0
128,F,0,0,0,0,0,0,0,0,0,0,0,0,0,0,0,0,0,0,0,0,0,0,0,0,0,0,0,0,0,0,0,0,0,0,0,0,0,0,,0.9947,0.9999,19,0,0.7725,pocket,,,,,,,101,0,0,101,0,1
129,H,0,0,0,0,1,0,0,0,0,0,0,0,0,0,0,0,0,0,0,0,0,0,0,0,0,0,0,0,0,0,0,0,0,0,0,0,5,0,4.105e-6,0.7330,0.9624,19,0,,,,,,,,,102,0,0,102,0,0
130,N,0,0,0,0,0,0,0,0,0,0,0,0,0,0,0,0,0,0,0,0,0,0,0,0,0,0,0,0,0,0,0,0,0,0,0,0,0,0,,0.9846,0.9995,19,0,0.7547,pocket,,,,,,,103,0,0,103,0,0
131,G,0,0,0,0,0,0,0,0,0,0,0,0,0,0,0,0,0,0,0,0,0,0,0,0,1,0,0,0,0,0,0,0,0,0,0,0,1,0,,0.9741,0.9997,19,0,0.7221,pocket,,,,,,,104,0,0,104,0,0
132,K,0,0,0,0,0,0,0,0,0,0,0,0,0,0,0,0,0,0,0,0,0,0,0,0,0,0,0,0,0,0,0,0,0,0,0,0,1,0,,0.9460,0.9987,19,0,0.7221,pocket,,,,,,,105,0,0,105,0,0
133,K,0,0,0,0,1,0,0,0,0,0,0,0,0,0,0,0,0,1,0,0,0,0,0,0,0,0,0,0,0,0,0,0,0,0,0,0,2,0,,0.7992,0.9907,19,0,,,,,,,,,106,0,0,106,0,0
134,S,0,0,0,0,0,0,0,0,0,0,0,0,0,0,0,0,0,0,0,0,0,0,0,0,0,0,0,0,0,0,0,0,0,0,0,0,0,0,,0.9329,0.9996,19,0,0.7173,pocket,,,,,,,107,0,0,107,0,0
135,V,0,0,0,0,0,0,0,0,0,0,0,0,0,0,0,0,0,0,0,0,0,0,0,0,0,0,0,0,0,0,0,0,0,0,0,0,0,0,,0.7830,0.9945,19,0,,,,,,,,,108,0,0,108,0,0
136,A,0,0,0,0,0,0,0,0,0,0,0,0,0,0,0,0,0,0,0,0,0,0,0,0,0,0,0,0,0,0,0,0,0,0,0,0,2,0,,0.9057,0.9974,19,0,0.2440,pocket,,,,,,,109,0,0,109,0,0
137,H,0,0,0,0,1,0,0,0,0,0,0,0,0,0,0,0,0,0,0,0,0,0,0,0,0,0,0,0,0,0,0,0,0,0,0,0,1,0,,0.9978,0.9998,19,0,0.1068,pocket,,,,,,,110,0,0,110,0,0
138,N,0,1,0,0,1,0,0,0,0,0,0,0,0,0,0,0,0,0,0,0,0,0,0,0,0,0,0,0,0,0,0,0,0,0,0,0,3,0,,0.9028,0.9906,19,0,0.1259,exposed,,,,,,,111,0,0,111,0,0
139,M,0,0,0,0,1,0,0,0,0,0,0,0,0,0,0,0,0,0,0,0,0,0,0,0,0,0,0,0,0,0,0,0,0,0,0,0,4,0,2.053e-6,0.9415,0.9986,19,0,0.1789,pocket,,,,,,,112,0,0,112,0,0
140,T,0,0,0,0,0,0,0,0,0,0,0,0,0,0,0,0,0,0,0,0,0,0,0,0,0,0,0,0,0,0,0,0,0,0,0,0,2,0,,0.9914,0.9997,19,0,0.2440,pocket,,,,,,,113,0,0,113,0,0
141,M,0,0,0,0,0,0,0,0,0,0,0,0,0,0,0,0,0,0,0,0,0,1,0,0,0,0,0,0,0,0,0,0,0,0,0,0,2,0,6.840e-7,0.8308,0.9960,19,0,0.2292,exposed,,,,,,,114,0,0,114,0,0
142,P,0,0,0,0,1,0,0,0,0,0,0,0,0,0,0,0,0,0,0,0,0,0,0,0,0,0,0,0,0,0,0,0,0,0,0,0,3,0,,0.9962,0.9998,19,0,0.1487,exposed,,,,,,,115,0,0,115,0,0
143,N,0,0,0,0,0,0,0,0,0,0,0,0,0,0,0,0,0,0,0,0,0,0,0,0,0,0,0,0,0,0,0,0,0,0,0,0,1,0,,0.9891,0.9997,19,0,0.1487,pocket,,,,,,,116,0,0,116,0,0
144,K,0,0,0,0,0,0,0,0,0,0,0,0,0,0,0,0,0,0,0,0,0,0,0,0,0,0,0,0,0,0,0,0,0,0,0,0,2,0,,0.9444,0.9988,19,0,0.2440,pocket,,,,,,,117,0,0,117,0,0
145,L,0,0,0,0,1,0,0,0,0,0,0,0,0,0,0,0,0,0,0,0,0,0,0,0,0,1,0,0,0,0,0,0,0,0,0,0,2,0,,0.9637,0.9997,19,0,0.3676,pocket,,,,,,,118,0,0,118,0,0
146,L,0,0,0,0,0,0,1,0,0,0,0,0,0,0,0,0,0,0,0,0,0,0,0,0,0,0,0,0,0,0,0,0,0,0,0,0,1,1,,0.9581,0.9999,19,0,0.5154,pocket,,,,,,,119,0,0,119,0,0
147,R,0,0,0,0,0,0,1,0,1,0,0,0,0,1,0,0,0,0,1,0,0,0,0,0,0,0,0,0,0,0,1,0,0,0,0,0,4,3,1.368e-6,0.9748,0.9995,19,1,0.8684,pocket,,,,,,,120,0,0,120,0,0
148,I,0,0,0,0,0,0,0,0,0,0,0,0,0,0,0,0,0,0,0,0,0,0,0,0,0,0,0,0,0,0,0,0,0,0,0,0,1,0,,0.9089,0.9999,19,0,0.9949,pocket,,,,,,,121,0,0,121,0,0
149,T,0,0,0,0,0,0,0,0,0,0,0,0,0,0,0,0,0,0,0,0,0,0,0,0,0,0,0,0,0,0,0,0,0,0,0,0,0,0,,0.2863,0.7354,19,0,,,,,,,,,122,0,0,122,0,0
150,E,0,0,0,0,0,0,0,0,0,0,0,0,0,0,0,0,0,0,0,0,0,0,0,0,0,0,0,1,0,0,0,0,0,0,0,0,2,0,,0.5968,0.9803,19,0,,,,,,,,,123,0,0,123,0,0
151,D,0,0,0,0,0,0,0,0,0,0,0,0,0,0,0,0,0,0,0,0,0,0,0,0,0,0,0,0,0,0,0,0,0,0,0,0,1,0,,0.5905,0.9677,19,0,,,,,,,,,124,0,0,124,0,0
152,G,0,0,0,0,0,0,0,0,0,0,0,0,0,0,0,0,0,0,0,0,0,0,0,0,0,0,0,0,0,0,0,0,0,0,0,0,1,0,,0.9983,0.9999,19,0,1.0000,exposed,,,,,,,125,0,0,125,0,0
153,T,0,0,0,0,0,0,0,0,0,0,0,0,0,0,0,0,0,0,0,0,0,0,0,0,0,0,0,0,0,0,0,0,0,0,0,0,1,0,6.840e-7,0.3555,0.9302,19,0,,,,,,,,,126,0,0,126,0,0
154,L,0,0,0,0,0,0,0,0,0,0,0,0,0,0,0,0,0,0,0,0,0,0,0,0,0,0,0,0,0,0,0,0,0,0,0,0,0,0,,0.9037,0.9999,19,0,1.0000,pocket,,,,,,,127,0,0,127,0,0
155,L,0,0,0,0,0,0,0,0,0,0,0,0,0,0,0,0,0,0,0,0,0,0,0,0,0,0,0,0,0,0,0,0,0,0,0,0,0,0,,0.8514,0.9994,19,0,,,,,,,,,128,0,0,128,0,0
156,Y,0,0,0,0,1,0,0,0,0,0,0,0,0,0,0,0,0,0,0,0,0,0,0,0,0,0,0,0,0,0,0,0,0,0,0,0,1,0,,0.9616,0.9993,19,0,0.7034,pocket,,,,,,,129,0,0,129,0,0
157,T,0,0,0,0,0,0,0,0,0,0,0,0,0,0,0,0,0,0,0,0,0,0,0,0,0,0,0,0,0,0,0,1,0,1,0,0,0,0,,0.9848,0.9992,19,0,0.4480,pocket,,,,,,,130,0,0,130,0,0
158,M,0,0,0,0,0,0,0,0,0,0,0,0,0,0,0,0,0,0,0,0,0,0,0,0,0,0,0,0,0,0,0,0,0,0,0,0,2,0,,0.9641,0.9998,19,0,0.2701,pocket,,,,,,,131,0,0,131,0,0
159,R,0,0,0,0,0,1,0,0,0,0,0,0,0,0,0,0,0,0,0,0,0,0,0,0,0,0,0,0,0,0,0,0,0,0,0,0,3,0,,0.9971,0.9996,19,0,0.2072,pocket,,,,,,,132,0,1,132,0,0
160,L,0,0,0,0,0,0,0,0,0,0,0,0,0,0,0,0,0,0,0,0,0,0,0,0,0,0,0,0,0,0,0,0,0,0,0,0,1,0,,0.9675,0.9999,19,0,0.3218,pocket,,,,,,,133,0,0,133,0,0
161,T,0,0,0,0,0,0,0,0,0,0,0,0,0,0,0,0,0,0,0,0,0,0,0,0,0,0,0,0,0,0,0,0,0,0,0,0,2,0,,0.9932,0.9994,19,0,0.5154,pocket,,,,,,,134,0,0,134,0,0
162,V,0,0,0,0,0,0,0,0,0,0,0,0,0,0,0,0,0,0,0,0,0,0,0,0,0,0,0,0,0,0,0,0,0,0,0,0,2,0,,0.9072,0.9991,19,0,,,,,,,,,135,0,0,135,0,0
163,R,0,0,0,0,0,0,0,0,0,0,0,0,0,0,0,0,0,0,0,0,0,0,0,0,0,0,0,0,0,0,0,0,0,0,0,0,1,0,6.840e-7,0.4990,0.9772,19,0,,,,,,,,,136,0,0,136,0,0
164,A,0,0,0,0,0,0,0,0,0,0,0,0,0,0,0,0,0,0,0,0,0,0,0,0,0,1,0,0,0,1,0,0,0,0,0,0,2,0,,0.9414,0.9996,19,0,0.7221,pocket,,,,,,,137,0,0,137,0,2
165,E,0,0,0,0,0,0,0,0,0,0,0,0,0,0,0,0,0,0,0,0,0,0,0,0,0,0,0,0,0,0,0,0,0,0,0,0,0,0,,0.8847,0.9975,19,0,,,,,,,,,138,0,0,138,0,0
166,C,1,0,0,0,0,0,0,0,0,0,0,0,0,0,0,0,0,0,0,0,0,0,0,0,0,0,0,0,0,0,0,0,0,0,0,0,3,0,,0.9990,1.0000,19,0,0.6331,pocket,,,,,,,139,0,0,139,0,0
167,P,0,0,0,0,0,0,0,0,0,0,0,0,0,0,0,0,0,0,0,0,0,0,0,0,0,0,0,0,0,0,0,0,0,0,0,0,2,0,6.840e-7,0.7959,0.9863,19,0,,,,,,,,,140,0,0,140,0,0
168,M,0,0,0,0,0,0,0,0,0,0,0,0,0,0,0,0,0,0,0,0,0,0,0,0,0,0,0,0,0,0,0,0,0,0,0,0,2,0,,0.9684,0.9996,19,0,0.7221,pocket,,,,,,,141,0,0,141,0,0
169,H,0,0,0,0,0,0,0,0,0,0,0,0,0,0,0,0,0,0,0,0,0,0,0,0,0,0,0,0,0,0,0,0,0,0,0,0,1,0,,0.4017,0.7874,19,0,,,,,,,,,142,0,0,142,0,0
170,L,0,0,0,0,0,0,0,0,0,0,0,0,0,0,0,0,0,0,0,0,0,0,0,0,0,0,0,0,0,0,0,0,0,0,0,0,0,0,,0.9838,0.9998,19,0,0.2635,pocket,,,,,,,143,0,0,143,0,0
171,E,0,0,0,1,0,1,0,0,0,0,0,0,0,0,0,0,0,0,0,0,0,0,0,0,0,0,0,0,0,0,0,0,0,0,0,0,2,0,,0.7433,0.9887,19,0,0.1068,exposed,,,,,,,144,0,0,144,0,0
172,D,0,0,0,0,1,0,0,0,0,0,0,0,0,0,0,0,0,0,0,0,0,0,0,0,0,0,0,0,0,0,0,0,0,0,0,0,3,0,,0.8966,0.9968,19,0,0.0642,exposed,,,,,,,145,0,0,145,0,0
173,F,0,0,0,0,0,0,0,0,0,0,0,0,0,0,0,0,0,0,0,0,0,0,0,0,0,0,0,0,0,1,0,0,0,0,0,0,3,0,,0.9913,1.0000,19,0,0.0346,pocket,,,,,,,146,0,0,146,0,0
174,P,0,0,0,0,0,0,0,0,0,0,0,0,0,0,0,0,0,0,0,0,0,0,0,0,1,0,0,0,0,0,0,0,0,0,0,0,2,0,,0.9996,1.0000,19,0,0.0321,pocket,,,,,,,147,0,0,147,0,0
175,M,0,0,0,0,0,0,0,0,0,0,0,0,0,0,0,0,0,0,0,0,0,0,0,0,0,1,0,0,0,0,0,0,0,0,0,0,3,0,,0.9427,0.9989,19,0,0.0722,exposed,,,,,,,148,0,2,148,0,1
176,D,0,0,0,1,0,0,0,0,0,0,0,0,0,0,0,0,0,0,0,0,0,0,0,0,0,0,0,0,0,1,0,0,0,0,0,0,2,0,,0.9991,1.0000,19,0,0.3715,exposed,,,,,,,149,0,0,149,0,0
177,A,0,0,0,0,1,0,0,0,0,0,0,0,0,0,0,0,0,0,0,0,0,0,0,0,0,0,0,1,0,1,0,0,0,0,0,0,4,0,3.982e-6,0.3528,0.9592,19,1,,,,,,,,,150,0,1,150,0,0
178,H,0,0,0,0,1,0,0,0,0,0,0,0,0,0,0,0,0,0,0,0,0,0,0,0,0,0,0,0,0,0,0,0,0,0,0,0,2,0,,0.9823,0.9948,19,0,0.9910,exposed,,,,,,,151,0,0,151,0,0
179,A,0,0,0,0,0,1,0,0,0,0,0,0,0,0,0,0,0,0,0,0,0,0,0,0,0,1,0,0,0,0,0,0,0,0,0,0,2,0,,0.5068,0.9109,19,0,,,,,,,,,152,0,0,152,0,0
180,C,1,0,0,0,0,0,0,0,0,0,0,0,0,0,0,0,0,0,0,0,0,1,0,0,0,0,0,0,0,0,0,0,0,0,0,0,1,0,,0.9992,1.0000,19,0,0.9939,pocket,,,,,,,153,0,0,153,0,1
181,P,0,0,0,0,0,0,0,0,0,0,0,0,0,0,0,0,0,0,0,0,0,0,0,0,0,0,0,0,0,0,0,0,0,0,0,0,1,0,,0.9115,0.9911,19,0,1.0000,pocket,,,,,,,154,0,0,154,0,0
182,L,0,0,0,0,1,0,0,0,0,0,0,0,0,0,0,0,0,0,0,0,0,0,0,0,0,0,0,0,0,0,0,0,0,0,0,0,2,0,,0.9606,0.9999,19,0,1.0000,pocket,,,,,,,155,0,1,155,0,2
183,K,0,0,0,0,1,0,0,0,0,0,0,0,0,0,0,0,0,0,0,0,0,0,0,0,0,0,0,0,0,0,1,0,0,0,0,0,1,0,,0.7480,0.9939,19,0,,,,,,,,,156,0,0,156,0,0
184,F,0,0,0,0,0,0,0,0,0,0,0,0,0,0,0,0,0,0,0,0,0,0,0,0,0,0,0,0,0,0,0,0,0,0,0,0,1,0,,0.9860,1.0000,19,0,0.9959,pocket,,,,,,,157,0,0,157,0,0
185,G,0,0,0,0,1,0,0,0,0,0,0,0,0,0,0,0,0,0,0,0,0,0,0,0,1,0,0,0,0,0,0,0,0,0,0,0,4,0,,0.9871,0.9998,19,1,1.0000,pocket,,,,,,,158,0,0,158,0,0
186,S,0,0,0,0,1,0,0,0,0,0,0,0,0,0,0,0,0,0,0,0,0,0,0,0,1,0,0,0,0,0,0,0,0,0,0,0,3,0,,0.9818,0.9998,19,0,0.9439,pocket,,,,,,,159,0,0,159,0,0
187,Y,0,0,0,0,0,0,0,0,0,0,0,0,0,1,0,0,0,0,0,0,0,0,0,0,0,0,0,0,0,0,0,0,0,0,0,0,3,1,6.850e-7,0.9484,0.9988,19,0,,,,,,,,,160,0,0,160,0,0
188,A,0,0,0,0,1,1,0,0,1,0,0,0,0,1,0,0,0,0,1,0,0,0,0,0,0,0,0,0,0,0,0,0,0,0,0,0,3,1,,0.9490,0.9991,19,1,,,,,,,,,161,0,0,161,0,0
189,Y,0,0,0,0,0,0,0,0,0,0,0,0,0,0,0,0,0,0,0,0,0,0,0,0,0,0,0,0,0,0,0,0,0,0,0,0,2,0,,0.9659,0.9996,19,0,0.9439,pocket,,,,,,,162,0,0,162,0,0
190,T,0,0,0,0,0,0,0,0,0,0,0,0,0,0,0,0,0,0,0,0,0,0,0,0,0,0,0,0,0,1,0,0,0,0,0,0,1,0,,0.7148,0.9878,19,0,,,,,,,,,163,0,0,163,0,0
191,R,0,0,0,0,0,0,0,0,0,0,0,0,0,0,0,0,0,0,0,0,0,0,0,0,0,0,0,0,0,0,0,0,0,0,0,0,1,0,,0.2614,0.6774,19,0,,,,,,,,,164,0,0,164,0,0
192,A,0,0,0,0,0,0,0,0,0,0,0,0,0,0,0,0,0,0,0,0,0,0,0,0,0,0,0,0,0,0,0,0,0,0,0,0,1,0,,0.2969,0.7004,19,0,,,,,,,,,165,0,0,165,0,0
193,E,0,0,0,0,1,0,0,0,0,0,0,0,0,0,0,0,0,0,0,0,0,0,0,0,0,1,0,0,0,0,0,0,0,0,0,0,2,0,,0.9895,0.9997,19,0,1.0000,exposed,,,,,,,166,0,0,166,0,0
194,V,0,0,0,0,1,1,0,0,0,0,0,0,0,0,0,0,0,0,0,0,0,0,0,0,0,0,0,0,0,0,0,0,0,0,0,0,3,0,,0.9286,0.9996,19,0,1.0000,pocket,,,,,,,167,0,0,167,0,0
195,V,0,0,0,0,0,0,0,0,0,0,0,0,0,0,0,0,0,0,0,0,0,0,0,0,0,0,0,0,0,0,0,0,0,0,0,0,1,0,,0.3093,0.9731,19,0,,,,,,,,,168,0,0,168,0,0
196,Y,0,0,0,0,0,0,0,0,0,0,0,0,0,0,0,0,0,0,0,0,0,0,0,0,0,0,0,0,0,0,0,0,0,0,0,0,2,0,,0.9398,0.9995,19,0,1.0000,pocket,,,,,,,169,0,0,169,0,0
197,E,0,0,0,0,0,0,0,0,0,0,0,0,0,0,0,0,0,0,0,0,0,0,0,0,1,0,0,0,0,0,0,0,0,0,0,0,2,0,,0.2758,0.9579,19,0,,,,,,,,,170,0,0,170,0,0
198,W,0,0,0,0,0,0,0,0,0,0,0,0,0,0,0,0,0,0,0,0,0,0,0,0,0,0,0,0,0,0,0,0,0,0,0,0,2,0,,0.9892,0.9999,19,0,1.0000,pocket,,,,,,,171,0,0,171,0,0
199,T,0,0,0,0,0,0,0,0,0,0,0,0,0,0,0,0,0,0,0,0,0,0,0,0,0,0,0,0,0,0,0,0,0,0,0,0,1,0,,0.4783,0.8516,19,0,,,,,,,,,172,0,0,172,0,0
200,R,0,0,0,0,0,0,0,0,0,0,0,0,0,0,0,0,0,0,0,0,0,0,0,0,0,0,0,0,0,0,0,0,0,0,0,0,1,0,,0.2518,0.7459,19,0,,,,,,,,,173,0,0,173,0,0
201,E,0,0,0,0,1,0,0,0,0,0,0,0,0,0,0,0,0,0,0,0,0,0,0,0,0,0,0,0,0,0,0,0,0,0,0,0,4,0,1.163e-5,0.2127,0.6925,19,0,,,,,,,,,174,0,0,174,0,0
202,P,0,0,0,0,1,0,0,0,0,0,0,0,0,0,0,0,0,0,0,0,0,0,0,0,0,0,0,0,0,0,0,0,0,0,0,0,3,0,6.840e-7,0.2766,0.7533,19,0,,,,,,,,,175,0,0,175,0,0
203,A,0,0,0,0,0,0,0,0,0,0,0,0,0,0,0,0,0,0,0,0,0,0,0,0,0,0,0,0,0,0,0,0,0,0,0,0,1,0,,0.1507,0.4761,19,0,,,,,,,,,176,0,0,176,0,0
204,R,0,0,0,0,1,0,0,0,0,0,0,0,0,0,0,0,0,0,0,0,0,0,0,0,0,0,0,0,0,0,0,0,0,0,0,0,3,0,7.528e-6,0.1500,0.4236,19,0,,,,,,,,,177,0,0,177,0,0
205,S,0,0,0,0,0,0,0,0,0,0,0,0,0,0,0,0,0,0,0,0,0,0,0,0,0,1,0,0,0,0,0,0,0,0,0,0,3,0,,0.8943,0.9968,19,0,1.0000,exposed,,,,,,,178,0,0,178,0,0
206,V,0,0,0,0,0,0,0,0,0,0,0,0,0,0,0,0,0,0,0,0,0,0,0,0,0,0,0,0,0,0,0,0,0,0,0,0,0,0,,0.9133,0.9992,19,0,1.0000,pocket,,,,,,,179,0,0,179,0,0
207,V,0,0,0,0,0,0,0,0,0,0,0,0,0,0,0,0,0,0,0,0,0,0,0,0,0,0,0,0,0,0,1,0,0,0,0,0,3,0,,0.3109,0.9295,19,0,,,,,,,,,180,0,0,180,0,0
208,V,0,0,0,0,1,0,0,0,0,0,0,0,0,0,0,0,0,0,0,0,0,0,0,0,0,0,0,0,0,0,0,0,0,0,0,0,1,0,,0.8429,0.9918,19,0,1.0000,pocket,,,,,,,181,0,0,181,0,0
209,A,0,0,0,0,1,0,0,0,0,0,0,0,0,0,0,0,0,0,0,0,0,0,0,0,0,0,0,0,0,0,0,0,0,0,0,0,2,0,,0.6325,0.9457,19,0,,,,,,,,,182,0,0,182,0,0
210,E,0,0,0,0,0,1,0,0,0,0,0,0,0,0,0,0,0,0,0,0,0,0,0,0,0,0,0,0,0,0,0,0,0,0,0,0,1,0,,0.2858,0.8626,19,0,,,,,,,,,183,0,0,183,0,0
211,D,0,0,0,0,1,0,0,0,0,0,0,0,0,0,0,0,0,0,0,0,0,0,0,0,0,0,0,0,0,0,0,0,0,0,0,0,3,0,6.840e-7,0.6503,0.9702,19,0,0.8649,exposed,,,,,,,184,0,0,184,0,0
212,G,0,0,0,0,0,0,0,0,0,0,0,0,0,0,0,0,0,0,0,0,0,0,0,0,0,0,0,0,0,0,0,0,0,0,0,0,1,0,,0.8339,0.9912,19,0,0.7482,pocket,,,,,,,185,0,0,185,0,0
213,S,0,0,0,0,0,0,0,0,1,0,0,0,0,1,0,0,0,0,1,0,0,0,0,0,0,0,0,0,0,0,0,0,0,0,0,0,2,1,,0.7082,0.9627,19,0,,,,,,,,,186,0,0,186,0,0
214,R,0,0,0,0,1,1,1,1,1,0,0,0,0,1,0,0,0,1,1,0,0,0,0,0,0,0,0,0,0,0,0,0,0,0,0,0,3,3,,0.7937,0.9684,19,1,,,,,,,,,187,0,0,187,0,0
215,L,0,0,0,0,0,0,1,0,0,0,0,0,0,0,0,0,0,0,0,0,0,0,0,0,0,0,0,0,0,0,0,0,0,0,0,0,2,2,,0.9710,0.9990,19,0,0.4943,pocket,,,,,,,188,0,2,188,0,1
216,N,0,0,0,0,0,0,1,0,0,0,0,0,0,0,0,0,0,0,0,0,0,0,0,0,0,0,0,0,0,0,0,0,0,0,0,0,1,1,,0.8293,0.9862,19,0,,,,,,,,,189,0,0,189,0,0
217,Q,0,0,0,0,0,0,0,0,0,0,0,0,0,0,0,0,0,0,0,0,0,0,0,0,1,0,0,0,0,0,0,0,0,0,0,0,2,0,,0.9402,0.9989,19,0,0.1816,exposed,,,,,,,190,0,2,190,0,1
218,Y,0,0,0,0,0,0,0,0,0,0,0,0,0,0,0,0,0,0,0,0,0,0,0,0,0,0,0,0,0,0,0,0,0,0,0,0,1,0,,0.9769,0.9998,19,0,0.3715,pocket,,,,,,,191,0,0,191,0,0
219,D,0,0,0,0,1,1,0,0,0,1,0,0,0,0,0,0,0,0,0,0,0,0,0,0,0,0,0,0,0,0,0,0,0,0,0,0,4,1,,0.5887,0.9909,19,1,,,,,,,,,192,0,0,192,0,0
220,L,0,0,0,0,0,0,0,0,0,0,0,0,0,0,0,0,0,0,0,0,0,0,0,0,0,0,0,0,1,0,0,0,0,0,0,0,4,0,,0.9012,0.9987,19,0,0.9881,pocket,,,,,,,193,0,0,193,0,0
221,L,0,0,0,0,1,0,0,0,0,0,0,0,0,0,0,0,0,0,0,0,0,0,0,0,0,0,0,0,0,0,0,0,0,0,0,0,3,0,,0.3583,0.8147,19,0,,,,,,,,,194,0,0,194,0,0
222,G,0,0,0,0,0,0,0,0,0,0,0,0,0,0,0,0,0,0,0,0,0,0,0,0,0,1,0,0,0,0,0,0,0,0,0,0,3,0,1.369e-6,0.7040,0.9928,19,0,,,,,,,,,195,0,0,195,0,0
223,Q,0,0,0,0,0,0,0,0,0,0,0,0,0,0,0,0,0,0,0,0,0,0,0,0,0,0,0,0,0,0,0,0,0,0,0,0,2,0,,0.5047,0.8419,19,0,,,,,,,,,196,0,0,196,0,0
224,T,0,0,0,0,0,0,0,0,0,0,0,0,0,0,0,0,0,0,0,0,0,0,0,0,0,0,0,0,0,0,0,0,0,0,0,0,1,0,,0.2241,0.6568,19,0,,,,,,,,,197,0,0,197,0,0
225,V,0,0,0,0,0,0,0,0,0,0,0,0,0,0,0,0,0,0,0,0,0,0,0,0,0,0,0,0,0,0,0,0,0,0,0,0,2,0,,0.5835,0.9553,19,0,,,,,,,,,198,0,0,198,0,0
226,D,0,0,0,0,0,0,0,0,0,0,0,0,0,0,0,0,0,0,0,0,0,0,0,0,0,0,0,0,0,0,0,0,0,0,0,0,2,0,2.737e-6,0.2978,0.8925,19,0,,,,,,,,,199,0,0,199,0,0
227,S,0,0,0,0,0,0,0,0,0,0,0,0,0,0,0,0,0,0,0,0,0,0,0,0,0,0,0,0,0,0,0,0,0,0,0,0,0,0,,0.2596,0.7581,19,0,,,,,,,,,200,0,0,200,0,0
228,G,0,0,0,0,1,0,0,1,0,0,0,0,0,0,0,0,0,0,0,0,0,0,0,0,0,0,0,0,0,0,0,0,0,0,0,0,2,0,,0.2681,0.9632,19,0,,,,,,,,,201,0,0,201,0,0
229,I,0,0,0,0,0,0,0,0,0,0,0,0,0,0,0,0,0,0,0,0,0,0,0,0,0,0,0,0,0,0,0,0,0,0,0,0,1,0,1.369e-6,0.2746,0.7546,19,0,,,,,,,,,202,0,0,202,0,0
230,V,0,0,0,0,0,0,0,0,0,0,0,0,0,0,0,0,0,0,0,0,0,0,0,0,0,0,0,0,0,0,0,0,0,0,0,0,1,0,6.840e-7,0.4224,0.9036,19,0,,,,,,,,,203,0,0,203,0,0
231,Q,0,0,0,0,0,0,0,0,0,0,0,0,0,0,0,0,0,0,0,0,0,0,0,0,0,1,0,0,0,0,0,0,0,0,0,0,2,0,,0.2184,0.6613,19,0,,,,,,,,,204,0,0,204,0,0
232,S,0,0,0,0,1,0,0,0,0,0,0,0,0,0,0,0,0,0,0,0,0,0,0,0,0,0,0,0,0,0,0,0,0,0,0,0,3,0,6.840e-7,0.7246,0.9900,19,0,,,,,,,,,205,0,0,205,0,0
233,S,0,0,0,0,0,0,0,0,0,0,0,0,0,0,0,0,0,0,0,0,0,0,0,0,0,0,0,0,0,0,0,0,0,0,0,0,1,0,,0.6700,0.9666,19,0,,,,,,,,,206,0,0,206,0,0
234,T,0,0,0,0,0,0,0,0,0,0,0,0,0,0,0,0,0,0,0,0,0,0,0,0,0,0,0,0,0,0,0,0,0,0,0,0,1,0,6.850e-7,0.8632,0.9817,19,0,0.7081,pocket,,,,,,,207,0,0,207,0,0
235,G,0,0,0,0,1,0,0,0,0,0,0,0,0,0,0,0,0,0,0,0,0,0,0,0,0,1,0,0,0,0,0,0,0,0,0,0,2,0,,0.9943,0.9996,19,0,0.9439,exposed,,,,,,,208,0,0,208,0,0
236,E,0,0,0,0,0,0,0,0,0,0,0,0,0,0,0,0,0,0,0,0,0,0,0,0,0,0,0,0,0,0,0,0,0,0,0,0,1,0,,0.4658,0.9466,19,0,,,,,,,,,209,0,0,209,0,0
237,Y,0,0,0,0,0,0,0,0,0,0,0,0,0,0,0,0,0,0,0,0,0,0,0,0,0,0,0,0,0,1,0,0,0,0,0,0,1,0,,0.9629,0.9995,19,0,1.0000,exposed,,,,,,,210,0,0,210,0,0
238,V,0,0,0,0,0,0,0,0,0,0,0,0,0,0,0,0,0,0,0,0,0,0,0,0,0,0,0,0,0,0,0,0,0,0,0,0,0,0,,0.4644,0.9101,19,0,,,,,,,,,211,0,0,211,0,0
239,V,0,0,0,0,0,0,0,0,0,0,0,0,0,0,0,0,0,0,0,0,0,0,0,0,0,0,0,0,0,0,0,0,0,0,0,0,1,0,,0.7754,0.9913,19,0,,,,,,,,,212,0,0,212,0,0
240,M,0,0,0,0,1,0,0,0,0,0,0,0,0,0,0,0,0,0,0,0,0,0,0,0,1,0,0,0,0,0,0,0,0,0,0,0,2,0,,0.9027,0.9990,19,0,,,,,,,,,213,0,0,213,0,2
241,T,0,0,0,0,0,0,0,0,0,0,0,0,0,0,0,0,0,0,0,0,0,0,0,0,0,0,0,0,0,0,0,0,0,0,0,0,1,0,6.840e-7,0.3922,0.9437,19,0,,,,,,,,,214,0,0,214,0,0
242,T,0,0,0,0,0,0,0,0,0,0,0,0,0,0,0,0,0,0,0,0,0,0,0,0,0,0,0,0,0,0,0,0,0,0,0,0,1,0,6.840e-7,0.6877,0.9944,19,0,,,,,,,,,215,0,0,215,0,0
243,H,0,0,0,0,0,0,0,0,0,0,0,0,0,0,0,0,0,0,0,0,0,0,0,0,0,0,0,0,0,0,0,0,0,0,0,0,2,0,,0.4615,0.9672,19,0,,,,,,,,,216,0,0,216,0,0
244,F,0,0,0,0,1,0,0,0,0,0,0,0,0,0,0,0,0,0,0,0,0,0,0,0,0,0,0,0,0,0,0,0,0,0,0,0,2,0,,0.9915,1.0000,19,0,1.0000,pocket,,,,,,,217,0,0,217,0,0
245,H,0,0,0,0,1,0,0,0,0,0,0,0,0,0,0,0,0,0,0,0,0,0,0,0,0,0,0,0,0,0,0,0,0,0,0,0,2,0,,0.4843,0.8159,19,0,,,,,,,,,218,0,1,218,0,0
246,L,0,0,0,0,0,0,0,0,0,0,0,0,0,0,0,0,0,0,0,0,0,0,0,0,0,0,0,0,0,0,0,0,0,0,0,0,0,0,,0.9639,0.9999,19,0,0.9760,pocket,,,,,,,219,0,0,219,0,0
247,K,0,0,0,0,0,0,0,0,0,0,0,0,0,0,0,0,0,0,0,0,0,0,0,0,0,0,0,0,0,0,0,0,0,0,0,0,0,0,,0.7313,0.9943,19,0,,,,,,,,,220,0,1,220,0,0
248,R,0,0,0,0,1,1,0,0,0,0,0,0,0,0,0,0,0,0,0,0,0,0,0,0,1,0,0,0,0,0,0,0,0,0,0,0,4,0,,0.9976,0.9999,19,1,0.2453,pocket,,,,,,,221,0,0,221,0,1
249,K,0,0,0,0,0,0,0,1,0,0,0,0,0,0,0,0,0,0,0,0,0,0,0,0,0,0,0,0,0,0,0,0,0,0,0,0,2,0,3.980e-6,0.8980,0.9969,19,0,0.1340,exposed,,,,,,,222,0,0,222,0,0
250,I,0,0,0,0,0,0,0,0,0,0,0,0,0,0,0,0,0,0,0,0,0,0,0,0,0,0,0,0,0,0,0,0,0,0,0,0,0,0,,0.7894,0.9923,19,0,,,,,,,,,223,0,0,223,0,1
251,G,0,0,0,0,0,0,1,0,1,0,0,0,0,1,0,0,0,0,1,0,0,0,0,0,0,0,0,0,0,0,0,0,0,0,0,0,2,2,,0.9896,0.9995,19,0,0.0460,exposed,,,,,,,224,0,0,224,0,0
252,Y,0,0,0,0,0,0,0,0,1,0,0,0,0,1,0,0,0,0,1,0,0,0,0,0,0,0,0,0,0,0,0,0,0,0,0,0,2,1,,0.9613,0.9995,19,0,0.0518,exposed,,,,,,,225,0,1,225,0,0
253,F,0,0,0,0,0,0,0,0,0,0,0,0,0,0,0,0,0,0,0,0,0,0,0,0,0,0,0,0,0,0,0,0,0,0,0,0,1,0,,0.9842,0.9999,19,0,0.0460,pocket,,,,,,,226,0,0,226,0,0
254,V,0,0,0,0,0,0,0,0,0,0,0,0,0,0,0,0,0,0,0,0,0,0,0,0,0,0,0,0,0,0,0,0,0,0,0,0,0,0,,0.8578,0.9984,19,0,0.0739,exposed,,,,,,,227,0,0,227,0,0
255,I,0,0,0,0,0,0,1,0,0,0,0,0,0,0,0,0,0,0,0,0,0,0,0,0,0,0,0,0,0,0,0,0,0,0,0,0,2,1,,0.9787,0.9999,19,0,0.1068,exposed,,,,,,,228,0,0,228,0,0
256,Q,0,0,0,0,1,0,0,0,0,0,0,0,0,0,0,0,0,0,0,0,0,0,0,0,0,0,0,0,0,0,0,0,0,0,0,0,3,0,,0.9550,0.9984,19,0,0.1475,pocket,,,,,,,229,0,0,229,0,0
257,T,0,0,0,0,0,0,0,0,0,0,0,0,0,0,0,0,0,0,0,0,0,0,0,0,0,0,0,0,0,0,0,0,0,0,0,0,1,0,6.840e-7,0.9510,0.9967,19,0,0.1262,pocket,,,,,,,230,0,0,230,0,0
258,Y,0,0,0,0,0,0,0,0,0,0,0,0,0,0,0,0,0,0,0,0,0,0,0,0,0,0,0,0,0,1,0,0,0,0,0,0,2,0,,0.9732,0.9999,19,0,0.1056,exposed,,,,,,,231,0,0,231,0,0
259,L,0,0,0,0,0,0,0,0,0,0,0,0,0,0,0,0,0,0,0,0,0,0,1,0,0,0,0,0,0,0,0,0,0,0,0,0,1,0,,0.8745,0.9999,19,0,0.2292,exposed,,,,,,,232,0,0,232,0,0
260,P,0,0,0,0,0,0,0,0,0,0,0,0,0,0,0,0,0,0,0,0,0,0,0,0,0,0,0,0,0,0,0,0,0,0,0,0,0,0,,0.9995,1.0000,19,0,0.2546,pocket,,,,,,,233,0,0,233,0,0
261,C,0,0,0,0,0,0,0,0,0,0,0,0,0,0,0,0,0,0,0,0,0,0,0,0,0,0,0,0,0,0,0,0,0,0,0,0,3,0,,0.9765,0.9999,19,0,0.2440,pocket,,,,,,,234,0,0,234,0,0
262,I,0,0,0,0,1,0,0,0,0,0,0,0,0,0,0,0,0,0,0,0,0,0,0,0,0,0,0,0,0,0,0,0,0,0,0,0,1,0,,0.8107,0.9991,19,0,,,,,,,,,235,0,0,235,0,0
263,M,0,0,0,0,0,0,1,0,1,0,0,0,0,1,0,0,0,0,1,0,0,0,0,0,0,0,0,0,0,0,0,0,0,0,0,0,6,6,,0.9778,0.9999,19,1,0.3676,pocket,,,,,,,236,0,0,236,0,0
264,T,0,0,0,0,0,0,0,0,0,0,0,0,0,0,0,0,0,0,0,0,0,0,0,0,0,0,0,0,0,0,0,0,0,0,0,0,1,0,,0.9607,0.9996,19,0,0.3517,pocket,,,,,,,237,0,0,237,0,0
265,V,0,0,0,0,0,0,0,0,0,0,0,0,0,0,0,0,0,0,0,0,0,0,0,0,0,0,0,0,0,0,0,0,0,0,0,0,1,0,,0.9753,1.0000,19,0,0.2558,pocket,,,,,,,238,0,0,238,0,0
266,I,0,0,0,0,0,0,0,0,0,0,0,0,0,0,0,0,0,0,0,0,0,0,0,0,0,0,0,0,0,0,0,0,0,0,0,0,2,0,,0.8902,0.9998,19,0,,,,,,,,,239,0,0,239,0,0
267,L,0,0,0,0,1,0,1,0,1,0,0,0,0,1,1,0,0,0,1,0,0,0,0,0,0,0,0,0,0,0,1,0,0,0,0,0,2,2,,0.9923,1.0000,19,0,0.4327,pocket,,,,,,,240,0,0,240,0,0
268,S,0,0,0,0,0,0,0,0,0,0,0,0,0,0,0,0,0,0,0,0,0,0,0,0,0,0,0,0,1,0,0,0,0,0,0,0,1,0,,0.9647,0.9999,19,0,0.3663,pocket,,,,,,,241,0,0,241,0,0
269,Q,0,0,0,0,1,0,0,0,0,0,0,0,0,0,0,0,0,0,0,0,0,0,0,0,0,0,0,0,0,0,0,0,0,0,0,1,2,0,,0.9111,0.9970,19,0,,,,,,,,,242,0,0,242,0,0
270,V,0,0,0,0,0,0,0,0,1,0,0,0,0,1,0,0,0,1,1,1,0,0,0,0,0,0,0,0,0,0,0,0,0,0,0,0,2,2,,0.9671,0.9993,19,0,0.4042,pocket,,,,,,,243,0,0,243,0,0
271,S,0,0,0,0,1,0,0,0,0,0,0,0,0,0,0,0,0,0,0,0,0,0,0,0,1,0,0,0,0,0,0,0,0,0,0,0,3,0,,0.9652,0.9999,19,0,,,,,,,,,244,0,0,244,0,0
272,F,0,0,0,0,0,0,0,0,0,0,0,0,0,0,0,0,0,0,0,0,0,0,0,0,0,0,0,0,0,0,0,0,0,0,0,0,1,0,,0.9983,1.0000,19,0,0.1789,pocket,,,,,,,245,0,0,245,0,0
273,W,0,0,0,0,1,0,0,0,0,0,0,0,0,0,0,0,0,0,0,0,0,0,0,0,0,0,0,0,0,0,0,1,0,1,0,1,4,0,,0.9903,1.0000,19,0,0.2784,pocket,,,,,,,246,0,0,246,0,0
274,L,0,0,0,0,0,0,0,0,0,0,0,0,0,0,0,0,0,0,0,0,0,0,0,0,0,0,0,0,0,0,0,0,0,0,0,0,0,0,,0.9763,1.0000,19,0,0.3715,pocket,,,,,,,247,0,0,247,0,0
275,N,0,0,0,0,1,0,0,0,1,0,0,0,0,1,0,0,0,0,1,0,0,0,0,0,0,0,0,0,0,1,0,0,0,0,0,0,4,1,,0.9552,0.9969,19,1,0.2440,pocket,,,,,,,248,0,0,248,0,0
276,R,0,0,0,0,0,0,0,0,0,0,0,0,0,0,0,0,0,0,0,0,0,0,0,0,0,0,0,0,0,0,0,0,0,0,0,0,1,0,,0.9886,0.9998,19,0,0.0722,pocket,,,,,,,249,0,0,249,0,0
277,E,0,0,0,0,0,0,0,0,1,0,0,0,0,1,0,0,0,0,1,0,0,0,0,0,0,0,0,0,0,0,0,0,0,0,0,0,3,1,,0.9949,0.9999,19,1,0.0989,pocket,,,,,,,250,0,0,250,0,0
278,S,0,0,0,0,0,0,0,0,0,0,0,0,0,0,0,0,0,0,0,0,0,0,0,0,0,0,0,0,0,0,0,0,0,0,0,0,3,0,,0.9576,0.9997,19,0,0.3676,pocket,,,,,,,251,0,0,251,0,0
279,V,0,0,0,0,1,0,0,0,0,0,0,0,0,0,0,0,0,0,0,0,0,0,0,0,0,0,0,0,0,0,0,0,0,0,0,0,2,1,5.474e-6,0.9667,0.9999,19,0,0.3454,pocket,,,,,,,252,0,0,252,0,0
280,P,0,0,0,0,0,0,1,0,0,0,0,0,0,0,0,0,0,0,0,0,0,0,0,1,0,0,0,0,0,0,1,0,0,0,0,0,3,1,,0.9962,0.9999,19,1,0.5154,pocket,,,,,,,253,0,0,253,0,0
281,A,0,0,0,0,1,0,0,0,0,0,0,0,0,0,0,0,0,0,0,0,0,0,0,0,0,0,0,0,0,0,0,0,0,0,0,0,2,0,,0.9862,0.9999,19,0,0.5154,pocket,,,,,,,254,0,0,254,0,0
282,R,0,0,0,0,1,0,0,0,0,0,0,0,0,0,1,0,0,0,0,0,0,0,0,0,0,0,0,0,0,1,0,0,0,0,0,0,5,0,,0.9991,1.0000,19,1,0.4327,pocket,,,,,,,255,0,0,255,0,0
283,T,0,0,0,0,0,0,0,0,0,0,0,0,0,0,0,0,0,0,0,0,0,0,0,0,0,0,0,0,0,0,0,0,0,0,0,0,0,0,,0.9875,0.9997,19,0,,,,,,,,,256,0,0,256,0,0
284,V,0,0,0,0,0,0,0,0,0,0,0,0,0,0,0,0,0,0,0,0,0,0,0,0,0,0,0,0,0,0,0,0,0,0,0,0,2,0,,0.9584,0.9997,19,0,,,,,,,,,257,0,0,257,0,0
285,F,0,0,0,0,0,0,0,0,0,0,0,0,0,0,0,0,0,0,0,0,0,0,0,0,0,0,0,0,0,0,0,0,0,0,0,0,0,0,,0.9930,0.9999,19,0,0.5321,pocket,,,,,,,258,0,0,258,0,0
286,G,0,0,0,0,1,0,0,0,0,0,0,0,0,0,0,0,0,0,0,0,0,0,0,0,0,0,0,0,0,0,0,0,0,0,0,0,1,0,,0.9966,1.0000,19,0,0.4480,pocket,,,,,,,259,0,0,259,0,0
287,V,0,0,0,0,1,0,1,0,0,0,0,0,0,0,0,0,0,0,0,0,0,0,0,0,0,0,0,0,0,0,0,0,0,0,0,0,2,2,,0.9553,0.9996,19,0,,,,,,,,,260,0,0,260,0,0
288,T,0,0,0,0,0,0,0,0,1,0,0,0,0,1,0,0,0,0,1,0,0,0,0,0,0,0,0,0,0,0,0,0,0,0,0,0,1,1,,0.9920,0.9995,19,0,0.5154,pocket,,,,,,,261,0,0,261,0,0
289,T,0,0,0,0,0,0,0,0,1,0,0,0,0,1,0,0,0,0,1,0,0,0,0,0,0,0,0,0,0,0,0,0,0,0,0,0,2,2,,0.9899,0.9999,19,0,0.4115,pocket,,,,,,,262,0,0,262,0,0
290,V,0,0,0,0,0,0,0,0,0,0,0,0,0,0,0,0,0,0,0,0,0,0,0,0,0,0,0,0,0,0,0,0,0,0,0,0,1,1,,0.9827,0.9999,19,0,0.4042,pocket,,,,,,,263,0,0,263,0,0
291,L,0,0,0,0,0,0,0,0,0,0,0,0,0,0,0,0,0,0,0,0,0,0,0,0,0,0,0,0,0,0,0,0,0,0,0,0,0,0,,0.9981,1.0000,19,0,0.4327,pocket,,,,,,,264,0,0,264,0,0
292,T,0,0,0,0,0,0,0,0,1,0,0,0,0,1,0,0,0,0,1,0,0,0,0,0,0,0,0,0,0,0,0,0,0,0,0,0,3,2,,0.9959,0.9996,19,1,0.3665,pocket,,,,,,,265,0,0,265,0,0
293,M,0,0,0,0,0,0,0,0,0,0,0,0,0,0,0,0,0,0,0,0,0,0,0,0,0,0,0,0,0,0,0,0,0,0,0,0,1,0,6.840e-7,0.9826,0.9999,19,0,0.2958,pocket,,,,,,,266,0,0,266,0,2
294,T,0,0,0,0,0,0,0,0,1,0,0,0,0,1,0,0,0,0,1,0,0,0,0,0,0,0,0,0,0,0,0,0,0,0,0,0,3,3,,0.9941,0.9996,19,1,0.3458,pocket,,,,,,,267,0,0,267,0,0
295,T,0,0,0,0,0,0,1,0,1,0,0,0,0,1,0,0,0,0,1,0,0,0,0,0,0,0,0,0,0,1,0,0,0,0,0,0,2,1,,0.9886,0.9993,19,0,0.3327,pocket,,,,,,,268,0,0,268,0,0
296,L,0,0,0,0,0,0,0,0,0,0,0,0,0,0,0,0,0,0,0,0,1,0,0,0,0,0,0,0,0,0,0,0,0,0,0,0,2,1,,0.9825,0.9999,19,0,0.2440,pocket,,,,,,,269,0,0,269,0,0
297,S,0,0,0,0,0,0,0,0,0,0,0,0,0,0,0,0,0,0,0,0,0,0,0,0,0,0,0,0,0,0,0,0,0,0,0,0,1,1,,0.9582,0.9999,19,0,0.2292,pocket,,,,,,,270,0,0,270,0,2
298,I,0,0,0,0,0,0,0,0,0,0,0,0,0,0,0,0,0,0,0,0,0,0,0,0,0,0,0,0,0,0,0,0,0,0,0,0,0,0,,0.9377,0.9994,19,0,0.3293,pocket,,,,,,,271,0,0,271,0,0
299,S,0,0,0,0,0,0,0,0,0,0,1,0,0,0,0,0,0,1,0,0,0,0,0,0,0,0,0,0,0,0,0,0,0,0,0,0,3,1,,0.9300,0.9994,19,0,0.3035,exposed,,,,,,,272,0,0,272,0,0
300,A,0,0,0,0,1,0,0,0,0,0,0,0,0,0,0,0,0,0,0,0,0,0,0,0,0,0,0,0,0,0,0,0,0,0,0,0,3,0,,0.9403,0.9989,19,0,0.1794,pocket,,,,,,,273,0,0,273,0,0
301,R,0,0,0,0,0,0,1,0,0,0,0,0,0,0,0,0,0,0,0,0,0,0,0,0,0,0,0,0,0,0,0,0,0,0,0,0,1,1,,0.9888,0.9996,19,0,0.1514,pocket,,,,,,,274,0,0,274,0,2
302,N,0,0,0,0,0,0,0,0,0,0,0,0,0,0,0,0,0,0,0,0,0,0,0,0,0,0,0,0,0,0,0,0,0,0,0,0,0,0,,0.6696,0.9754,19,0,,,,,,,,,275,0,0,275,0,0
303,S,0,0,0,0,0,0,0,0,0,0,0,0,0,0,0,0,0,0,0,0,0,0,0,0,0,0,0,0,0,0,0,0,0,0,0,0,1,0,,0.8336,0.9952,19,0,0.4327,exposed,,,,,,,276,0,1,276,0,0
304,L,0,0,0,0,0,0,0,0,0,0,0,0,0,0,0,0,0,0,0,0,0,0,0,0,0,0,0,0,0,0,0,0,0,0,0,0,0,0,,0.9743,0.9998,19,0,0.2242,pocket,,,,,,,277,0,0,277,0,0
305,P,0,0,0,0,0,0,0,0,0,0,0,0,0,0,0,0,0,0,0,0,0,0,0,0,0,0,0,0,0,0,0,0,0,0,0,0,3,0,,0.9985,0.9999,19,0,0.3218,pocket,,,,,,,278,0,0,278,0,1
306,K,0,0,0,0,0,0,1,0,0,0,0,0,0,0,0,0,0,0,0,0,0,0,0,0,0,0,0,0,0,0,0,0,0,0,0,0,2,1,,0.9345,0.9992,19,0,0.1789,pocket,,,,,,,279,0,0,279,0,0
307,V,0,0,0,0,0,0,0,0,0,0,0,0,0,0,0,0,0,0,0,0,0,0,0,0,0,0,0,0,0,0,0,0,0,0,0,0,2,0,,0.9725,0.9997,19,0,0.0837,pocket,,,,,,,280,0,0,280,0,0
308,A,0,0,0,0,0,0,1,0,0,0,0,0,0,0,0,0,0,0,0,0,1,0,0,0,0,0,0,0,0,0,0,0,0,0,0,0,2,2,,0.9055,0.9950,19,0,0.0346,exposed,,,,,,,281,0,0,281,0,0
309,Y,0,0,0,0,1,0,0,0,0,0,0,0,0,0,0,0,0,0,0,0,0,0,0,0,0,0,0,0,0,0,0,0,0,0,0,0,1,0,,0.9620,0.9984,19,0,0.0177,exposed,,,,,,,282,0,0,282,0,0
310,A,0,0,0,0,0,0,0,0,0,0,0,0,0,0,0,0,0,1,0,0,0,0,0,0,0,0,0,0,0,0,0,0,0,0,0,0,2,0,,0.9567,0.9991,19,0,0.0177,exposed,,,,,,,283,0,0,283,0,0
311,T,0,0,0,0,1,0,0,0,0,0,0,0,0,0,0,0,0,0,0,0,0,0,0,0,0,0,0,0,0,0,0,0,0,0,0,0,2,1,,0.9864,0.9996,19,0,0.0280,exposed,,,,,,,284,0,0,284,0,0
312,A,0,0,0,0,0,0,0,0,0,0,0,0,0,0,0,0,0,0,0,0,0,0,0,0,1,0,0,0,0,0,0,0,0,0,0,0,2,1,,0.9703,0.9995,19,0,0.0280,exposed,,,,,,,285,0,1,285,0,0
313,M,0,0,0,0,0,0,0,0,0,0,0,0,0,0,0,0,0,0,0,0,0,0,0,0,0,0,0,0,0,0,0,0,0,0,0,0,1,0,,0.9733,0.9996,19,0,0.0346,pocket,,,,,,,286,0,0,286,0,0
314,D,0,0,0,0,0,0,0,0,0,0,0,0,0,0,1,0,0,0,0,0,0,0,0,0,1,0,0,0,0,0,0,0,0,0,0,0,2,1,,0.9995,1.0000,19,0,0.0460,pocket,,,,,,,287,0,0,287,0,0
315,W,0,0,0,0,0,0,0,0,0,0,0,0,0,0,0,0,0,0,0,0,0,0,0,0,0,1,0,0,0,0,0,0,0,0,0,0,1,0,,0.9546,0.9996,19,0,0.0346,exposed,,,,,,,288,0,0,288,0,0
316,F,0,0,0,0,0,0,0,0,0,0,0,0,0,0,0,0,0,0,0,0,0,0,0,0,0,0,0,0,0,0,0,0,0,0,0,0,0,0,,0.9840,1.0000,19,0,0.0321,pocket,,,,,,,289,0,0,289,0,0
317,I,0,0,0,0,1,0,0,0,0,0,0,0,0,0,0,0,0,0,0,0,0,0,0,0,0,0,0,0,0,0,0,0,0,0,0,0,3,0,,0.8858,0.9992,19,0,,,,,,,,,290,0,0,290,0,0
318,A,0,0,0,0,1,0,0,0,0,0,0,0,0,0,0,0,0,0,0,0,0,0,0,0,0,0,0,0,0,0,0,0,0,0,0,0,2,0,,0.9448,0.9997,19,0,0.1898,exposed,,,,,,,291,0,0,291,0,0
319,V,0,0,0,0,0,0,0,0,0,0,0,0,0,0,0,0,0,0,0,0,0,0,0,0,0,0,0,0,0,0,0,0,0,0,0,0,1,0,4.789e-6,0.9102,0.9983,19,0,0.1262,exposed,,,,,,,292,0,0,292,0,0
320,C,0,0,0,0,1,0,0,0,0,0,0,0,0,0,0,0,0,0,0,0,0,0,0,0,0,0,0,0,0,0,0,0,0,0,0,0,2,0,,0.9944,1.0000,19,0,0.1712,pocket,,,,,,,293,0,0,293,0,0
321,Y,0,0,0,0,0,0,0,0,0,0,0,0,0,0,0,0,0,0,0,0,0,0,0,0,0,0,0,0,0,0,0,0,0,0,0,0,1,0,,0.9547,0.9995,19,0,0.2690,pocket,,,,,,,294,0,0,294,0,0
322,A,0,0,0,0,0,0,0,0,0,0,0,1,0,0,0,0,0,0,0,0,0,0,0,0,0,0,0,0,0,0,0,0,0,0,0,0,1,1,,0.8472,0.9998,19,0,0.2743,exposed,,,,,,,295,0,0,295,0,0
323,F,0,0,0,0,0,0,0,0,0,0,0,0,0,0,0,0,0,0,0,0,0,0,0,0,0,0,0,0,0,0,0,0,0,0,0,0,0,0,,0.9908,1.0000,19,0,0.1794,pocket,,,,,,,296,0,0,296,0,0
324,V,0,0,0,0,1,0,0,0,0,0,0,0,0,0,0,0,0,0,0,0,0,0,0,0,0,0,0,0,0,0,0,0,0,0,0,0,1,0,,0.9738,0.9999,19,0,0.2918,pocket,,,,,,,297,0,0,297,0,1
325,F,0,0,0,0,0,0,0,0,1,0,0,0,0,1,0,0,0,0,1,0,0,0,0,0,0,0,0,0,0,0,1,0,0,0,0,0,2,2,,0.9934,0.9999,19,0,0.3454,pocket,,,,,,,298,0,0,298,0,0
326,S,0,0,0,0,1,0,0,0,0,0,0,0,0,0,0,0,0,0,0,0,0,0,0,0,0,0,0,0,0,0,0,0,0,0,0,0,4,0,,0.8748,0.9999,19,0,0.2996,pocket,,,,,,,299,0,0,299,0,0
327,A,0,0,0,0,0,0,0,0,0,0,0,0,0,0,0,0,0,0,0,0,0,0,0,0,0,0,0,0,0,0,0,0,0,0,0,0,0,0,,0.9646,0.9998,19,0,0.2440,pocket,,,,,,,300,0,0,300,0,0
328,L,0,0,0,0,0,0,0,0,0,0,0,0,0,0,0,0,0,0,0,0,0,0,0,0,0,0,0,0,0,0,0,0,0,0,0,0,2,0,,0.9866,0.9999,19,0,0.3293,pocket,,,,,,,301,0,0,301,0,0
329,I,0,0,0,0,0,0,0,0,0,0,0,0,0,0,0,0,0,0,0,0,0,0,0,0,0,0,0,0,0,0,0,0,0,0,0,0,1,0,6.840e-7,0.9066,0.9999,19,0,0.2679,pocket,,,,,,,302,0,0,302,0,0
330,E,0,0,0,0,0,0,0,0,0,0,0,0,0,0,0,0,0,0,0,0,0,0,0,0,0,0,0,1,0,0,0,0,0,0,0,0,3,0,,0.9950,1.0000,19,0,0.1176,pocket,,,,,,,303,0,0,303,0,0
331,F,0,0,0,0,0,0,0,0,0,0,0,0,0,0,0,0,0,0,0,0,0,0,0,0,0,0,0,0,0,0,0,0,0,0,0,0,1,0,,0.9910,1.0000,19,0,0.1176,pocket,,,,,,,304,0,0,304,0,0
332,A,0,0,0,0,0,0,1,0,0,0,0,0,0,0,0,0,0,0,0,0,0,0,0,0,0,0,0,0,0,0,0,0,0,0,0,0,1,1,,0.9890,0.9999,19,0,0.0989,pocket,,,,,,,305,0,0,305,0,0
333,T,0,0,0,0,0,0,0,0,0,0,0,0,0,0,0,0,0,0,0,0,0,0,0,0,0,0,0,0,0,1,0,0,0,0,0,1,2,0,,0.7911,0.9993,19,0,0.0321,exposed,,,,,,,306,0,0,306,0,0
334,V,0,0,0,0,0,0,0,0,0,0,0,0,0,0,0,0,0,0,0,0,0,0,0,0,0,0,0,0,0,0,1,0,0,0,0,0,2,0,,0.9823,0.9998,19,0,0.0177,pocket,,,,,,,307,0,0,307,0,0
335,N,0,0,0,0,0,0,0,0,0,0,0,0,0,0,0,0,0,0,0,0,0,0,0,0,0,0,0,0,0,0,0,0,0,0,0,0,2,1,,0.9830,0.9996,19,0,0.0177,pocket,,,,,,,308,0,0,308,0,0
336,Y,0,0,0,0,0,0,0,0,0,0,0,0,0,0,0,0,0,0,0,0,0,0,0,0,0,0,0,0,0,0,0,0,0,0,0,0,0,0,,0.9685,0.9997,19,0,0.0177,exposed,,,,,,,309,0,0,309,0,0
337,F,0,0,0,0,0,0,0,0,0,0,0,0,0,0,0,0,0,0,0,0,0,0,0,0,0,0,0,0,0,0,0,0,0,0,0,0,0,0,,0.9717,1.0000,19,0,0.0177,exposed,,,,,,,310,0,0,310,0,0
338,T,0,0,0,0,0,0,0,0,0,0,0,0,0,0,0,0,0,0,0,0,0,0,0,0,0,0,0,0,0,0,0,0,0,0,0,0,2,0,6.840e-7,0.9735,0.9958,19,0,0.0177,pocket,,,,,,,311,0,0,311,0,0
339,K,0,0,0,0,0,0,1,0,0,0,0,0,0,0,0,0,0,0,0,0,0,0,0,0,0,0,0,0,0,0,0,0,0,0,0,0,1,1,,0.9572,0.9988,19,0,0.0177,exposed,,,,,,,312,0,0,312,0,0
340,R,0,0,0,0,0,0,0,0,0,0,0,0,0,0,0,0,0,0,0,0,0,0,0,0,0,0,0,0,0,0,0,0,0,0,0,0,4,1,6.840e-7,0.8364,0.9913,19,0,0.0177,exposed,,,,,,,313,0,0,313,0,0
341,G,0,0,0,0,0,0,0,0,0,0,0,0,0,0,0,0,0,0,0,0,0,0,0,0,0,0,0,0,0,0,0,0,0,0,0,0,0,0,,0.7289,0.9881,19,0,0.0518,exposed,,,,,,,314,0,0,314,0,0
342,Y,0,0,0,0,0,0,0,0,0,0,0,0,0,0,0,0,0,0,0,0,0,0,0,0,0,0,0,0,0,0,0,0,0,0,0,0,0,0,,0.7218,0.9500,19,0,0.0837,exposed,,,,,,,315,0,0,315,0,0
343,A,0,0,0,0,0,0,0,0,0,0,0,0,0,0,0,0,0,0,0,0,0,0,0,0,0,0,0,0,0,0,0,0,0,0,0,0,1,0,,0.7779,0.9591,19,0,,,,,,,,,316,0,0,316,0,0
344,W,0,0,0,0,0,0,0,0,0,0,0,0,0,0,0,0,0,0,0,0,0,0,0,0,0,0,0,0,0,0,0,0,0,0,0,0,3,1,,0.9310,0.9893,19,0,0.0177,pocket,,,,,,,317,0,0,317,0,0
345,D,0,0,0,0,1,0,0,0,0,0,0,0,0,0,0,0,0,0,0,0,0,0,0,0,0,0,0,0,0,0,0,0,0,0,0,0,2,0,,0.8136,0.9819,19,0,0.0177,exposed,,,,,,,318,0,0,318,0,0
346,G,0,0,0,0,0,0,0,0,0,0,0,0,0,0,0,0,0,0,0,0,0,0,0,0,0,0,0,0,0,0,0,0,0,0,0,0,0,0,,0.8337,0.9823,19,0,0.0321,pocket,,,,,,,319,0,0,319,0,0
347,K,0,0,0,0,0,0,0,0,0,0,0,0,0,0,0,0,0,0,0,0,0,0,0,0,0,0,0,0,0,0,0,0,0,0,0,0,2,0,,0.6701,0.9397,19,0,0.0280,exposed,,,,,,,320,0,0,320,0,0
348,S,0,0,0,0,1,0,0,0,0,0,0,0,0,0,0,0,0,0,0,0,0,0,0,0,0,1,0,0,0,0,0,0,0,0,0,0,5,0,6.840e-7,0.3073,0.5294,19,1,,,,,,,,,321,0,0,321,0,0
349,V,0,0,0,0,0,0,0,0,0,0,0,0,0,0,0,0,0,0,0,0,0,0,0,0,0,0,0,0,0,0,0,0,0,0,0,0,1,0,4.105e-6,0.3364,0.8001,19,0,,,,,,,,,322,0,0,322,0,0
350,V,0,0,0,0,0,0,0,0,0,0,0,0,0,0,0,0,0,0,0,0,0,0,0,0,0,0,0,0,0,0,0,0,0,0,0,0,1,0,,0.3315,0.8117,19,0,,,,,,,,,323,0,0,323,0,0
351,P,0,0,0,0,0,0,0,0,0,0,0,0,0,0,0,0,0,0,0,0,0,0,0,0,0,0,0,0,0,1,0,0,0,0,0,0,2,0,,0.2312,0.6101,19,0,,,,,,,,,324,0,0,324,0,0
352,E,0,0,0,0,0,0,0,0,0,0,0,0,0,0,0,0,0,0,0,0,0,0,0,0,0,0,0,0,0,1,0,0,0,0,0,0,1,0,,0.3258,0.8923,19,0,,,,,,,,,325,0,0,325,0,0
353,K,0,0,0,0,1,0,0,0,0,0,0,0,0,0,0,0,0,1,0,0,0,0,0,0,1,0,0,0,0,1,0,0,0,0,0,0,4,0,,0.3721,0.7983,19,1,,,,,,,,,326,0,0,326,0,0
354,P,0,0,0,0,0,0,0,0,0,0,0,0,0,0,0,0,0,0,0,0,0,0,0,0,0,0,0,0,0,0,0,0,0,0,0,0,4,0,6.840e-7,0.1782,0.4987,19,0,,,,,,,,,327,0,0,327,0,0
355,K,0,0,0,0,1,0,0,0,0,0,0,0,0,0,1,0,0,0,0,0,0,0,0,0,0,0,0,0,0,0,0,0,0,0,0,0,3,0,2.052e-6,0.3334,0.7239,19,0,,,,,,,,,328,0,0,328,0,0
356,K,0,0,0,0,0,0,0,0,0,0,0,0,0,0,0,0,0,0,0,0,0,0,0,0,0,0,0,0,0,0,0,0,0,0,0,0,3,0,,0.3661,0.7658,19,0,,,,,,,,,329,0,0,329,0,0
357,V,0,0,0,0,0,0,0,0,0,0,0,0,0,0,0,0,0,0,0,0,0,1,0,0,0,0,0,0,0,0,0,0,0,0,0,0,4,0,1.368e-6,0.1945,0.6366,19,0,,,,,,,,,330,0,0,330,0,0
358,K,0,0,0,0,1,0,0,0,0,0,0,0,0,0,0,0,0,0,0,0,0,0,0,0,0,0,0,0,0,0,0,0,0,0,0,0,3,0,,0.3814,0.7637,19,0,,,,,,,,,331,0,0,331,0,0
359,D,0,0,0,0,0,0,0,0,0,0,0,0,0,0,0,0,0,0,0,0,0,0,0,0,1,0,0,0,0,1,0,0,0,0,0,0,3,0,1.368e-6,0.3113,0.8620,19,0,,,,,,,,,332,0,0,332,0,0
360,P,0,0,0,0,0,0,0,0,0,0,0,0,0,0,0,0,0,0,0,0,0,0,0,0,0,0,0,0,0,1,0,0,0,0,0,0,6,0,1.334e-4,0.1914,0.5580,19,0,,,,,,,,,333,0,0,333,0,0
361,L,0,0,0,0,0,0,0,0,0,0,0,0,0,0,0,0,0,0,0,0,0,0,0,0,0,0,0,0,0,0,0,0,0,0,0,0,3,0,,0.1858,0.4212,19,0,,,,,,,,,334,0,0,334,0,0
362,I,0,0,0,0,1,0,0,0,0,0,0,0,0,0,0,0,0,0,0,0,0,0,0,0,0,0,0,0,0,0,0,0,0,0,0,0,1,0,,0.2481,0.5048,19,0,,,,,,,,,335,0,0,335,0,0
363,K,0,0,0,0,0,1,0,0,0,0,0,0,0,0,0,0,0,0,0,0,0,0,0,0,0,0,0,0,0,0,0,0,0,0,0,0,1,0,,0.5004,0.8298,19,0,,,,,,,,,336,0,0,336,0,0
364,K,0,0,0,0,0,0,0,0,0,0,0,0,0,0,0,0,0,0,0,0,0,0,0,0,0,0,0,0,0,0,0,0,0,0,0,0,0,0,,0.4196,0.8112,19,0,,,,,,,,,337,0,0,337,0,0
365,N,0,0,0,0,0,0,0,0,0,0,0,0,0,0,0,0,0,0,0,0,0,0,0,0,0,0,0,0,0,0,0,0,0,0,0,0,3,0,5.473e-6,0.3437,0.8386,19,0,,,,,,,,,338,0,0,338,0,0
366,N,0,0,0,0,0,0,0,0,0,0,0,0,0,0,0,0,0,0,0,0,0,0,0,0,0,0,0,0,0,0,0,0,0,0,0,0,2,0,6.840e-7,0.3326,0.8270,19,0,,,,,,,,,339,0,0,339,0,0
367,T,0,0,0,0,0,0,0,0,0,0,0,0,0,0,0,0,0,0,0,0,0,0,0,0,0,0,0,0,0,0,0,0,0,0,0,0,3,0,,0.2607,0.6687,19,0,,,,,,,,,340,0,0,340,0,0
368,Y,0,0,0,0,1,0,0,0,0,0,0,0,0,0,0,0,0,0,0,0,0,0,0,0,0,1,0,0,0,0,0,0,0,0,0,0,2,0,,0.2753,0.5461,19,0,,,,,,,,,341,0,0,341,0,0
369,A,0,0,0,0,1,0,0,0,0,0,0,0,0,0,0,0,0,0,0,0,0,0,0,0,0,0,0,0,0,0,0,0,0,0,0,0,5,0,1.026e-5,0.2413,0.6005,19,0,,,,,,,,,342,0,0,342,0,0
370,P,0,0,0,0,1,0,0,0,0,0,0,0,0,0,0,0,0,0,0,0,0,0,0,0,1,0,0,0,0,0,0,0,0,0,0,0,4,0,6.840e-7,0.2201,0.5899,19,1,,,,,,,,,343,0,0,343,0,0
371,T,0,0,0,0,0,0,0,0,0,0,0,0,0,0,0,0,0,0,0,0,0,0,0,0,0,0,0,0,0,0,0,0,0,0,0,0,1,0,,0.2067,0.5659,19,0,,,,,,,,,344,0,0,344,0,0
372,A,0,0,0,0,0,0,0,0,0,0,0,0,0,0,0,0,0,0,0,0,0,0,0,0,0,0,0,0,0,0,0,0,0,0,0,0,1,0,,0.2632,0.6541,19,0,,,,,,,,,345,0,0,345,0,0
373,T,0,0,0,0,0,0,0,0,0,0,0,0,0,0,0,0,0,0,0,0,0,0,0,0,0,0,0,0,0,0,0,0,0,0,0,0,0,0,,0.2246,0.6001,19,0,,,,,,,,,346,0,0,346,0,0
374,S,0,0,0,0,0,0,0,0,0,0,0,0,0,0,0,0,0,0,0,0,0,0,0,0,0,0,0,0,0,0,0,0,0,0,0,0,2,0,,0.2604,0.6525,19,0,,,,,,,,,347,0,0,347,0,0
375,Y,0,0,0,0,0,0,0,0,0,0,0,0,0,0,0,0,0,0,0,0,0,0,0,0,0,0,0,0,0,0,0,0,0,0,0,0,1,0,,0.2964,0.6063,19,0,,,,,,,,,348,0,0,348,0,0
376,T,0,0,1,0,1,0,0,0,0,0,0,0,0,0,0,0,0,0,0,0,0,0,0,0,1,0,0,0,0,0,0,0,0,0,0,0,3,0,7.967e-6,0.2049,0.5613,19,0,,,,,,,,,349,0,0,349,0,0
377,P,0,0,0,0,1,0,0,0,0,0,0,0,0,0,0,0,0,0,0,0,0,0,0,0,0,0,0,0,0,0,0,0,0,0,0,0,3,0,9.577e-6,0.2755,0.6367,19,0,,,,,,,,,350,0,0,350,0,0
378,N,0,0,0,0,0,0,0,0,0,0,0,0,0,0,0,0,0,0,0,0,0,0,0,0,0,0,0,0,0,0,0,0,0,0,0,0,1,0,,0.2020,0.6375,19,0,,,,,,,,,351,0,0,351,0,0
379,L,0,0,0,0,0,0,0,0,0,0,0,0,0,0,0,0,0,0,0,0,0,0,0,0,0,0,0,0,0,0,0,0,0,0,0,0,0,0,,0.2511,0.5861,19,0,,,,,,,,,352,0,0,352,0,0
380,A,0,0,0,0,0,0,0,0,0,0,0,0,0,0,0,0,0,0,0,0,0,0,0,0,0,0,0,0,0,0,0,0,0,0,0,0,3,0,,0.2324,0.5796,19,0,,,,,,,,,353,0,0,353,0,0
381,R,0,0,0,0,0,0,0,0,0,0,0,0,0,0,0,0,0,0,0,0,0,0,0,0,0,0,0,0,0,0,0,0,0,0,0,0,2,0,6.840e-7,0.2764,0.5021,19,0,,,,,,,,,354,0,0,354,0,0
382,G,0,0,0,0,0,0,0,0,0,0,0,0,0,0,0,0,0,0,0,0,0,0,0,0,0,0,0,0,0,0,0,0,0,0,0,0,1,0,,0.2411,0.4596,19,0,,,,,,,,,355,0,0,355,0,0
383,D,0,0,0,0,1,1,0,0,0,0,0,0,0,0,0,0,0,0,0,0,0,0,0,0,0,0,0,0,0,0,0,0,0,0,0,0,3,0,1.505e-5,0.3910,0.9041,19,0,,,,,,,,,356,0,0,356,0,0
384,P,0,0,0,0,1,0,0,0,0,0,0,0,0,0,0,0,0,0,0,0,0,0,0,0,0,0,0,0,0,1,0,0,0,0,0,0,4,0,5.473e-6,0.1913,0.5052,19,1,,,,,,,,,357,0,0,357,0,0
385,G,0,0,0,0,0,0,0,0,0,0,0,0,0,0,0,0,0,0,0,0,0,0,0,0,0,0,0,0,0,0,0,0,0,0,0,0,0,0,,0.2807,0.5290,19,0,,,,,,,,,358,0,0,358,0,0
386,L,0,0,0,0,0,0,0,0,0,0,0,0,0,0,0,0,0,0,0,0,0,0,0,0,0,0,0,0,0,0,0,0,0,0,0,0,3,0,9.577e-6,0.3684,0.7980,19,0,,,,,,,,,359,0,0,359,0,0
387,A,0,0,0,0,0,0,0,0,0,0,0,0,0,0,0,0,0,0,0,0,0,0,0,0,0,0,0,0,0,0,0,0,0,0,0,0,3,0,6.841e-6,0.4065,0.8667,19,0,,,,,,,,,360,0,0,360,0,0
388,T,0,0,0,0,0,0,0,0,0,0,0,0,0,0,0,0,0,0,0,0,0,0,0,0,0,0,0,0,0,0,0,0,0,0,0,0,3,0,,0.4979,0.9054,19,0,,,,,,,,,361,0,0,361,0,0
389,I,0,0,0,0,0,0,0,0,0,0,0,0,0,0,0,0,0,0,0,0,0,0,0,0,0,0,0,0,0,0,0,0,0,0,0,0,0,0,,0.6897,0.9599,19,0,,,,,,,,,362,0,0,362,0,0
390,A,0,0,0,0,0,0,0,0,0,0,0,0,0,0,0,0,0,0,0,0,0,0,0,0,0,0,0,0,0,1,0,0,0,0,0,0,2,0,,0.5196,0.9034,19,0,,,,,,,,,363,0,0,363,0,0
391,K,0,0,0,0,0,0,0,0,0,0,0,0,0,0,0,0,0,0,0,0,0,0,0,0,0,0,0,0,0,0,0,0,0,0,0,0,3,0,2.052e-6,0.5850,0.9305,19,0,,,,,,,,,364,0,0,364,0,0
392,S,0,0,0,0,1,0,0,0,0,0,0,0,0,0,0,0,0,0,0,0,0,0,0,0,0,0,0,0,0,1,0,0,0,0,0,0,3,0,6.840e-7,0.3970,0.8504,19,0,,,,,,,,,365,0,0,365,0,0
393,A,0,0,0,0,0,0,0,0,0,0,0,0,0,0,0,0,0,0,0,0,0,0,0,0,0,0,0,0,0,0,0,0,0,0,0,0,2,0,6.840e-7,0.3595,0.8251,19,0,,,,,,,,,366,0,0,366,0,0
394,T,0,0,0,0,0,0,0,0,0,0,0,0,0,0,0,0,0,0,0,0,0,0,0,0,0,0,0,0,0,0,0,0,0,0,0,0,1,0,3.420e-6,0.1837,0.5498,19,0,,,,,,,,,367,0,0,367,0,0
395,I,0,0,0,0,0,0,0,0,0,0,0,0,0,0,0,0,0,0,0,0,0,0,0,0,0,0,0,0,0,0,1,0,0,0,0,0,2,0,1.368e-6,0.1644,0.4225,19,0,,,,,,,,,368,0,0,368,0,0
396,E,0,0,0,0,1,0,0,0,0,0,0,0,0,0,0,0,0,1,0,0,0,0,0,0,1,0,0,0,0,0,0,0,0,0,0,0,2,0,,0.2263,0.7768,19,0,,,,,,,,,369,0,0,369,0,0
397,P,0,0,0,0,0,0,0,0,0,0,0,0,0,0,0,0,0,0,0,0,0,0,0,0,1,0,0,0,0,0,0,0,0,0,0,0,2,0,,0.1999,0.5501,19,0,,,,,,,,,370,0,0,370,0,0
398,K,0,0,0,0,0,0,0,0,0,0,0,0,0,0,0,0,0,0,0,0,0,0,0,0,0,0,0,0,0,0,0,0,0,0,0,0,1,0,6.840e-7,0.2485,0.6001,19,0,,,,,,,,,371,0,0,371,0,0
399,E,0,0,0,0,0,0,0,0,0,0,0,0,0,0,0,0,0,0,0,0,0,0,0,0,0,0,0,0,0,1,0,0,0,0,0,0,1,0,,0.2032,0.6990,19,0,,,,,,,,,372,0,0,372,0,0
400,V,0,0,0,0,0,0,0,0,0,0,0,0,0,0,0,0,0,0,0,0,0,0,0,0,1,0,0,0,0,0,0,0,0,0,0,0,2,0,1.368e-6,0.1575,0.5087,19,0,,,,,,,,,373,0,0,373,0,0
401,K,0,0,0,0,0,0,0,0,0,0,0,0,0,0,0,0,0,0,0,0,0,0,0,0,0,0,0,0,0,0,0,0,0,0,0,0,3,0,1.026e-5,0.2259,0.5710,19,0,,,,,,,,,374,0,0,374,0,0
402,P,0,0,0,0,0,0,0,0,0,0,0,0,0,0,0,0,0,0,0,0,0,0,0,0,0,0,0,0,0,0,0,0,0,0,0,0,2,0,7.525e-6,0.1533,0.4189,19,0,,,,,,,,,375,0,0,375,0,0
403,E,0,0,0,0,0,0,0,0,0,0,0,0,0,0,0,0,0,0,0,0,0,0,0,0,0,0,0,0,0,0,0,0,0,0,0,0,2,0,8.893e-6,0.2194,0.7390,19,0,,,,,,,,,376,0,0,376,0,0
404,T,0,0,0,0,1,0,0,0,0,0,0,0,0,0,0,0,0,0,0,0,0,0,0,0,0,0,0,0,0,0,0,0,0,0,0,0,4,0,6.840e-7,0.1229,0.3706,19,0,,,,,,,,,377,0,0,377,0,0
405,K,0,0,0,0,0,0,0,0,0,0,0,0,0,0,0,0,0,0,0,0,0,0,0,0,0,0,0,0,0,0,0,0,0,0,0,0,1,0,,0.3034,0.7247,19,0,,,,,,,,,378,0,0,378,0,0
406,P,0,0,0,0,0,0,0,0,0,0,0,0,0,0,0,0,0,0,0,0,0,0,0,0,0,0,0,0,0,0,0,0,0,0,0,0,2,0,,0.1507,0.4412,19,0,,,,,,,,,379,0,0,379,0,0
407,P,0,0,0,0,0,0,0,0,0,0,0,0,0,0,0,0,0,0,0,0,0,0,0,0,0,0,0,0,0,0,0,0,0,0,0,0,1,0,6.840e-7,0.1264,0.3645,19,0,,,,,,,,,380,0,0,380,0,0
408,E,0,0,0,0,0,0,0,0,0,0,0,0,0,0,0,0,0,0,0,0,0,0,0,0,0,0,0,0,0,0,0,0,0,0,0,0,1,0,,0.2888,0.8522,19,0,,,,,,,,,381,0,0,381,0,0
409,P,0,0,0,0,1,0,0,0,0,0,0,0,0,0,0,0,0,0,0,0,0,0,0,0,0,0,0,0,0,0,0,0,0,0,0,0,4,0,1.194e-5,0.1675,0.4688,19,0,,,,,,,,,382,0,0,382,0,0
410,K,0,0,0,0,1,0,0,0,0,0,0,0,0,0,0,0,0,0,0,0,0,0,0,0,0,0,0,0,0,0,0,0,0,0,0,0,4,0,6.840e-7,0.4551,0.8273,19,0,,,,,,,,,383,0,0,383,0,0
411,K,0,0,0,0,0,0,0,0,0,0,0,0,0,0,0,0,0,0,0,0,0,0,0,0,0,0,0,0,0,0,0,0,0,0,0,0,0,0,,0.7334,0.9633,19,0,0.0346,exposed,,,,,,,384,0,0,384,0,0
412,T,0,0,0,0,0,0,0,0,0,0,0,0,0,0,0,0,0,0,0,0,0,0,0,0,0,0,0,0,0,0,0,0,0,0,0,0,2,0,4.788e-6,0.5490,0.8928,19,0,0.0346,exposed,,,,,,,385,0,0,385,0,0
413,F,0,0,0,0,0,0,0,0,0,0,0,0,0,0,0,0,0,0,0,0,0,0,0,0,1,1,0,0,0,0,0,0,0,0,0,0,4,0,,0.8473,0.9844,19,1,0.0321,pocket,,,,,,,386,0,0,386,0,0
414,N,0,0,0,0,0,0,0,0,0,0,0,0,0,0,0,0,0,0,0,0,0,0,0,0,0,0,0,0,0,0,0,0,0,0,0,0,0,0,,0.8751,0.9835,19,0,0.0177,pocket,,,,,,,387,0,0,387,0,0
415,S,0,0,0,0,0,0,0,0,0,0,0,0,0,0,0,0,0,0,0,0,0,0,0,0,0,0,0,0,0,0,0,0,0,0,0,0,1,0,2.052e-6,0.7478,0.9409,19,0,0.0460,exposed,,,,,,,388,0,0,388,0,0
416,V,0,0,0,0,0,0,0,0,0,0,0,0,0,0,0,0,0,0,0,0,0,0,0,0,0,0,0,0,0,0,0,0,0,0,0,0,0,0,,0.9291,0.9981,19,0,0.0321,pocket,,,,,,,389,0,0,389,0,0
417,S,0,0,0,0,0,0,0,0,0,0,0,0,0,0,0,0,0,0,0,0,0,0,0,0,0,0,0,0,0,0,0,0,0,0,0,0,1,0,,0.9744,0.9984,19,0,0.0280,exposed,,,,,,,390,0,0,390,0,0
418,K,0,0,0,0,1,0,0,0,0,0,0,0,0,0,0,0,0,0,0,0,0,0,0,0,0,0,0,0,0,0,0,0,0,0,0,0,3,0,1.368e-6,0.6692,0.9193,19,0,0.0722,exposed,,,,,,,391,0,0,391,0,0
419,I,0,0,0,0,0,0,0,0,0,0,0,0,0,0,0,0,0,0,0,0,0,0,0,0,0,0,0,0,0,0,0,0,0,0,0,0,0,0,,0.9177,0.9996,19,0,0.0424,exposed,,,,,,,392,0,0,392,0,0
420,D,0,0,0,0,1,0,0,0,0,0,0,0,0,0,0,0,0,0,0,0,0,0,0,0,0,0,0,0,0,0,0,0,0,0,0,0,3,0,,0.9993,1.0000,19,0,0.0321,pocket,,,,,,,393,0,0,393,0,0
421,R,0,0,0,0,1,0,0,0,0,0,0,0,0,0,0,0,0,1,0,0,0,0,0,0,0,0,0,0,0,1,0,0,0,0,0,0,3,0,2.052e-6,0.7022,0.9952,19,1,,,,,,,,,394,0,0,394,0,0
422,L,0,0,0,0,1,0,0,0,0,0,0,0,0,0,0,0,0,0,0,0,0,0,0,0,0,0,0,0,0,0,0,0,0,0,0,0,1,0,,0.6357,0.9944,19,0,0.0989,exposed,,,,,,,395,0,0,395,0,0
423,S,0,0,0,0,0,1,0,0,0,0,0,0,0,0,0,0,0,0,0,0,0,0,0,0,0,0,0,0,0,0,0,0,0,0,0,0,3,0,,0.9094,0.9996,19,0,0.0701,pocket,,,,,,,396,0,0,396,0,0
424,R,0,0,0,0,1,0,0,0,0,0,0,0,0,0,0,0,0,0,0,0,0,0,0,0,0,0,0,0,0,0,0,0,0,0,0,0,2,0,,0.9929,0.9998,19,0,0.0642,exposed,,,,,,,397,0,0,397,0,0
425,I,0,0,0,0,0,0,0,0,0,0,0,0,0,0,0,0,0,0,0,0,0,0,0,0,0,0,0,0,0,0,0,0,0,0,0,0,1,0,,0.7264,0.9984,19,0,0.1030,exposed,,,,,,,398,0,0,398,0,0
426,A,0,0,0,0,0,0,0,0,0,0,0,0,0,0,0,0,0,1,0,0,0,0,0,0,0,0,0,0,0,0,0,0,0,0,0,0,2,0,,0.5958,0.9974,19,0,,,,,,,,,399,0,0,399,0,0
427,F,0,0,0,0,1,0,0,0,0,0,0,0,0,0,0,0,0,0,0,0,0,0,0,0,0,0,0,0,0,0,0,0,0,0,0,0,2,0,,0.9938,0.9998,19,0,0.0722,pocket,,,,,,,400,0,0,400,0,0
428,P,0,0,0,0,0,0,0,0,0,0,0,0,0,0,0,0,0,0,0,0,0,0,0,0,0,0,0,0,0,0,0,0,0,0,0,0,2,0,1.368e-6,0.9973,0.9999,19,0,0.0739,exposed,,,,,,,401,0,0,401,0,0
429,L,0,0,0,0,0,0,0,0,0,0,0,0,0,0,0,0,0,0,0,0,0,0,0,0,0,0,0,0,0,1,0,0,0,0,0,0,2,0,,0.6458,0.9973,19,0,0.1056,exposed,,,,,,,402,0,0,402,0,0
430,L,0,0,0,0,0,0,0,0,0,0,0,0,0,0,0,0,0,0,0,0,0,0,0,0,0,0,0,0,0,0,0,0,0,0,0,0,0,0,,0.7091,0.9972,19,0,0.0943,exposed,,,,,,,403,0,0,403,0,0
431,F,0,0,0,0,1,0,0,0,0,0,0,0,0,0,0,0,0,0,0,0,0,0,0,0,0,0,0,0,0,0,0,0,0,0,0,0,3,0,,0.9895,0.9998,19,0,0.0346,pocket,,,,,,,404,0,0,404,0,0
432,G,0,0,0,1,0,0,0,0,0,0,0,0,0,0,0,0,0,0,0,0,0,0,0,0,1,0,0,0,0,0,0,0,0,0,0,0,3,0,,0.6524,0.9994,19,0,,,,,,,,,405,0,0,405,0,0
433,I,0,0,0,0,0,0,0,0,0,0,0,0,0,0,0,0,0,0,0,0,0,0,0,0,0,0,0,0,0,0,0,0,0,0,0,0,2,0,2.599e-5,0.5952,0.9920,19,0,0.0460,exposed,,,,,,,406,0,0,406,0,0
434,F,0,0,0,0,0,0,0,0,0,0,0,0,0,0,0,0,0,0,0,0,0,0,0,0,0,0,0,0,0,0,0,0,0,0,0,0,0,0,,0.9821,0.9997,19,0,0.0177,exposed,,,,,,,407,0,0,407,0,0
435,N,0,0,0,0,0,0,0,0,0,0,0,0,0,0,0,0,0,0,0,0,0,0,0,0,0,0,0,0,0,0,1,0,0,0,0,0,1,0,,0.9193,0.9994,19,0,0.0177,exposed,,,,,,,408,0,0,408,0,0
436,L,0,0,0,0,0,1,0,0,0,0,0,0,0,0,0,0,0,0,0,0,0,0,0,0,0,0,0,0,0,0,0,0,0,0,0,0,3,0,,0.6528,0.9964,19,0,0.0280,exposed,,,,,,,409,0,0,409,0,0
437,V,0,0,0,0,0,0,0,0,0,0,0,0,0,0,0,0,0,0,0,0,0,0,0,0,0,0,0,0,0,0,0,0,0,0,0,0,0,0,,0.6877,0.9908,19,0,0.0177,exposed,,,,,,,410,0,0,410,0,0
438,Y,0,0,0,0,1,0,0,0,0,0,0,0,0,0,0,1,0,0,0,0,0,0,0,0,0,0,0,0,0,0,0,0,0,0,0,0,3,1,,0.9770,0.9997,19,0,0.0177,exposed,,,,,,,411,0,0,411,0,0
439,W,0,0,0,0,1,0,0,0,0,0,0,0,0,0,0,0,0,0,0,0,0,0,0,0,0,0,0,0,0,1,0,0,0,0,0,0,3,0,,0.9825,0.9999,19,0,0.0177,exposed,,,,,,,412,0,0,412,0,0
440,A,0,0,0,0,1,0,0,0,0,0,0,0,0,0,0,0,0,0,0,0,0,0,0,0,0,0,0,0,0,0,0,0,0,0,0,0,3,0,,0.6094,0.9802,19,0,0.0321,exposed,,,,,,,413,0,0,413,0,0
441,T,0,0,0,0,0,0,0,0,0,0,0,0,0,0,0,0,0,0,0,0,0,0,0,0,0,0,0,0,0,0,0,0,0,0,0,0,2,0,2.052e-6,0.6473,0.9540,19,0,0.0346,exposed,,,,,,,414,0,0,414,0,0
442,Y,0,0,0,0,0,0,0,0,0,0,0,0,0,0,0,0,0,0,0,0,0,0,0,0,0,0,0,0,0,0,0,0,0,0,0,0,1,0,,0.9394,0.9986,19,0,0.0346,pocket,,,,,,,415,0,1,415,0,0
443,L,0,0,0,0,0,0,0,0,0,0,0,0,0,0,0,0,0,0,0,0,0,0,0,0,0,0,0,0,0,0,0,0,0,0,0,0,0,0,,0.7190,0.9916,19,0,0.0974,exposed,,,,,,,416,0,0,416,0,0
444,N,0,0,0,0,0,0,0,0,0,0,0,0,0,0,0,0,0,0,0,0,0,0,0,0,0,0,0,0,0,0,0,0,0,0,0,0,1,0,,0.4141,0.7488,19,0,,,,,,,,,417,0,0,417,0,0
445,R,0,0,0,0,0,0,0,0,0,0,0,0,0,0,0,0,0,0,0,0,0,0,0,0,0,0,0,0,0,0,0,0,0,0,0,0,1,0,,0.6117,0.8844,19,0,0.3606,pocket,,,,,,,418,0,0,418,0,0
446,E,0,0,0,0,0,0,0,0,0,0,0,0,0,0,0,0,0,0,0,0,0,0,0,0,0,0,0,0,0,0,0,0,0,0,0,0,1,0,,0.2851,0.8643,19,0,,,,,,,,,419,0,0,419,0,0
447,P,0,0,0,0,0,0,0,0,0,0,0,0,0,0,0,0,0,0,0,0,0,0,0,0,0,0,0,0,0,0,0,0,0,0,0,0,1,0,,0.2801,0.7383,19,0,,,,,,,,,420,0,0,420,0,0
448,Q,0,0,0,0,0,0,0,0,0,0,0,0,0,0,0,0,0,0,0,0,0,0,0,0,0,0,0,0,0,0,0,0,0,0,0,0,2,0,,0.1380,0.4944,19,0,,,,,,,,,421,0,0,421,0,0
449,L,0,0,0,0,0,0,0,0,0,0,0,0,0,0,0,0,0,0,0,0,0,0,0,0,0,0,0,0,0,0,0,0,0,0,0,0,4,0,1.368e-6,0.2073,0.5969,19,0,,,,,,,,,422,0,0,422,0,0
450,K,0,0,0,0,0,0,0,0,0,0,0,0,0,0,0,0,0,0,0,0,0,0,0,0,0,0,0,0,0,0,0,0,0,0,0,0,2,0,6.840e-7,0.1979,0.5672,19,0,,,,,,,,,423,0,0,423,0,0
451,A,0,0,0,0,1,0,0,0,0,0,0,0,0,0,0,0,0,0,0,0,0,0,0,0,0,0,0,0,0,1,0,0,0,0,0,0,4,0,,0.1177,0.3822,19,1,,,,,,,,,424,0,0,424,0,0
452,P,0,0,0,0,0,0,0,0,0,0,0,0,0,0,0,0,0,0,0,0,0,0,0,0,0,1,0,0,0,0,0,0,0,0,0,0,4,0,6.840e-7,0.1112,0.3415,19,0,,,,,,,,,425,0,0,425,0,0
453,T,0,0,0,0,0,0,0,0,0,0,0,0,0,0,0,0,0,0,0,0,0,0,0,0,0,1,0,0,0,0,0,0,0,0,0,0,7,0,6.840e-7,0.0939,0.3286,19,0,,,,,,,,,426,0,0,426,0,0
454,P,0,0,0,0,0,0,0,0,0,0,0,0,0,0,0,0,0,0,0,0,0,0,0,0,0,0,0,0,0,0,0,0,0,0,0,0,2,0,1.300e-5,0.1024,0.2883,19,0,,,,,,,,,427,0,0,427,0,0
455,H,0,0,0,0,0,0,0,0,0,0,0,0,0,0,0,0,0,0,0,0,0,0,0,0,0,0,0,0,0,0,0,0,0,0,0,0,0,0,,0.0943,0.2181,19,0,,,,,,,,,428,0,0,428,0,0
456,Q,0,0,0,0,0,0,0,0,0,0,0,0,0,0,0,0,0,0,0,0,0,0,0,0,0,0,0,0,0,0,0,0,0,0,0,0,2,0,4.107e-6,0.1410,0.3948,19,0,,,,,,,,,429,0,0,429,0,0